COUNTY,DATE,T_TRANS_UNIT,T_COVID_19,WAGE,CCI,UNEMP_RATE,F2_INT_RATE,SENT_ECON
AB,4/1/2020,0.107381397,0.598267785,2720,133.7,6.4,5.68,59.9
AB,5/1/2020,0.263851433,0.573723465,2761,134.2,6.7,5.75,67.1
AB,6/1/2020,0.202490635,0.190218475,3011,135.8,6.9,5.79,79.1
AB,7/1/2020,0.515430707,0.902003737,3003,135.8,6.5,5.78,85.2
AB,8/1/2020,0.263851433,1.15971909,2992,136.4,6.3,5.78,90.1
AB,9/1/2020,0.269987513,2.190580504,2992,136.8,6.1,5.65,92.7
AB,10/1/2020,0.441797749,9.872952467,3011,136.4,6.1,5.41,92
AB,11/1/2020,0.481682268,15.06100797,3048,140,6.2,5.27,89
AB,12/1/2020,0.365096751,7.02581142,3068,140,6.3,5.36,90.7
AB,1/1/2021,0.251579274,4.835230916,3370,135.7,5.9,5.26,93.7
AB,2/1/2021,0.297599872,5.292368864,2916,137.9,5.9,5.28,94.4
AB,3/1/2021,0.300667912,8.532219021,2902,142.2,6,5.29,94.7
AB,4/1/2021,0.239307114,6.663782709,3037,146.3,5.5,5.11,95.8
AB,5/1/2021,0.208626715,2.086267147,3080,150.1,5.3,4.73,101
AB,6/1/2021,0.217830834,0.279191633,3038,153.3,5.1,4.6,101.4
AB,7/1/2021,0.288395753,0.067496878,3106,155.6,5.3,4.58,103
AB,8/1/2021,0.288395753,0.39270911,3090,157.2,5.5,4.36,102.5
AB,9/1/2021,0.312940072,5.234076106,3024,158.3,5.3,4.21,101.3
AB,10/1/2021,0.285327713,23.4091446,3131,161.2,5.7,4.17,101.2
AB,11/1/2021,0.362028711,8.780730255,3222,167.5,5.7,4.12,100.3
AB,12/1/2021,0.322144192,1.94206927,3255,165.2,6,4.12,103.2
AB,1/1/2022,0.138061796,21.07743426,3183,164.3,6,4.1,102.3
AB,2/1/2022,0.309872032,31.55479059,3259,168.5,5.8,4.15,102
AB,3/1/2022,0.248511234,5.405886341,3514,177.6,5.6,4.16,102.6
AB,4/1/2022,0.168742196,1.426638563,3382,179.9,5.5,4.22,103.4
AB,5/1/2022,0.328280272,0.506226587,3421,181.6,5.5,4.53,102.4
AB,6/1/2022,0.435661669,0.085905118,3498,184.4,5.5,4.87,101.8
AB,7/1/2022,0.358960671,5.611445016,3462,187.1,5.5,5.27,102.1
AB,8/1/2022,0.245443194,7.645555484,3435,180.6,5.5,5.68,100.6
AB,9/1/2022,0.199422595,2.982134804,3542,180.4,5.5,6.21,101.9
AB,10/1/2022,0.205558675,0.975636695,3509,182.1,5.7,6.73,102.4
AR,4/1/2020,0.129223222,1.377568312,2504,133.7,6.4,5.68,59.9
AR,5/1/2020,0.141414092,0.321838968,2656,134.2,6.7,5.75,67.1
AR,6/1/2020,0.190177572,0.021943566,2816,135.8,6.9,5.79,79.1
AR,7/1/2020,0.2438174,0.826540987,2812,135.8,6.5,5.78,85.2
AR,8/1/2020,0.204806616,1.916404766,2766,136.4,6.3,5.78,90.1
AR,9/1/2020,0.273075488,2.11389686,2766,136.8,6.1,5.65,92.7
AR,10/1/2020,0.655868807,6.644024157,2851,136.4,6.1,5.41,92
AR,11/1/2020,0.448624017,14.29745235,2901,140,6.2,5.27,89
AR,12/1/2020,0.865551771,6.575755285,3014,140,6.3,5.36,90.7
AR,1/1/2021,0.380355144,4.266804505,3105,135.7,5.9,5.26,93.7
AR,2/1/2021,0.577847239,3.913269274,2936,137.9,5.9,5.28,94.4
AR,3/1/2021,0.629048893,7.858234811,2912,142.2,6,5.29,94.7
AR,4/1/2021,0.624172545,6.495295543,3014,146.3,5.5,5.11,95.8
AR,5/1/2021,0.399860536,0.909438903,3066,150.1,5.3,4.73,101
AR,6/1/2021,0.604667153,0.18286305,2969,153.3,5.1,4.6,101.4
AR,7/1/2021,0.614419849,0.080459742,3049,155.6,5.3,4.58,103
AR,8/1/2021,0.719261331,0.604667153,3063,157.2,5.5,4.36,102.5
AR,9/1/2021,0.731452201,6.741551118,2935,158.3,5.3,4.21,101.3
AR,10/1/2021,0.682688721,23.4649866,3025,161.2,5.7,4.17,101.2
AR,11/1/2021,0.587599935,11.80320035,3161,167.5,5.7,4.12,100.3
AR,12/1/2021,0.687565069,4.071750585,3282,165.2,6,4.12,103.2
AR,1/1/2022,0.331591664,22.35317926,3129,164.3,6,4.1,102.3
AR,2/1/2022,0.555903673,32.47647772,3185,168.5,5.8,4.15,102
AR,3/1/2022,0.729014027,6.427026671,3222,177.6,5.6,4.16,102.6
AR,4/1/2022,0.443747668,1.933471984,3266,179.9,5.5,4.22,103.4
AR,5/1/2022,0.580285413,0.716823157,3295,181.6,5.5,4.53,102.4
AR,6/1/2022,0.626610719,0.151166788,3370,184.4,5.5,4.87,101.8
AR,7/1/2022,0.536398281,6.739112944,3354,187.1,5.5,5.27,102.1
AR,8/1/2022,0.599790805,9.903862799,3300,180.6,5.5,5.68,100.6
AR,9/1/2022,0.587599935,3.53291413,3439,180.4,5.5,6.21,101.9
AR,10/1/2022,0.558341847,1.245906915,3469,182.1,5.7,6.73,102.4
AG,4/1/2020,0.119312479,0.24564334,2850,133.7,6.4,5.68,59.9
AG,5/1/2020,0.166686552,0.210551434,2917,134.2,6.7,5.75,67.1
AG,6/1/2020,0.164931957,0.935199287,2966,135.8,6.9,5.79,79.1
AG,7/1/2020,0.173704933,4.265421138,3164,135.8,6.5,5.78,85.2
AG,8/1/2020,0.180723314,3.145989346,3035,136.4,6.3,5.78,90.1
AG,9/1/2020,0.205287648,0.905371167,3035,136.8,6.1,5.65,92.7
AG,10/1/2020,0.473740727,2.454678804,3125,136.4,6.1,5.41,92
AG,11/1/2020,0.314072556,12.10495287,3212,140,6.2,5.27,89
AG,12/1/2020,0.384256367,8.315027056,3136,140,6.3,5.36,90.7
AG,1/1/2021,0.268453079,2.916137364,3352,135.7,5.9,5.26,93.7
AG,2/1/2021,0.547433729,1.605454686,3173,137.9,5.9,5.28,94.4
AG,3/1/2021,0.487777489,4.690033197,3033,142.2,6,5.29,94.7
AG,4/1/2021,0.507078037,4.660205077,3067,146.3,5.5,5.11,95.8
AG,5/1/2021,0.361446629,1.468596254,3255,150.1,5.3,4.73,101
AG,6/1/2021,0.493041275,0.250907126,3147,153.3,5.1,4.6,101.4
AG,7/1/2021,0.473740727,0.078956788,3182,155.6,5.3,4.58,103
AG,8/1/2021,0.438648821,0.387765558,3309,157.2,5.5,4.36,102.5
AG,9/1/2021,0.43163044,3.526736523,3153,158.3,5.3,4.21,101.3
AG,10/1/2021,0.322845532,20.29540366,3055,161.2,5.7,4.17,101.2
AG,11/1/2021,0.259680102,7.890414997,3194,167.5,5.7,4.12,100.3
AG,12/1/2021,0.361446629,1.572117375,3462,165.2,6,4.12,103.2
AG,1/1/2022,0.284244436,13.3594885,3342,164.3,6,4.1,102.3
AG,2/1/2022,0.329863914,31.02299923,3277,168.5,5.8,4.15,102
AG,3/1/2022,0.403556916,2.733659454,3350,177.6,5.6,4.16,102.6
AG,4/1/2022,0.282489841,0.684292161,3541,179.9,5.5,4.22,103.4
AG,5/1/2022,0.282489841,0.391274749,3420,181.6,5.5,4.53,102.4
AG,6/1/2022,0.201778458,0.103521122,3544,184.4,5.5,4.87,101.8
AG,7/1/2022,0.242134149,4.393506594,3715,187.1,5.5,5.27,102.1
AG,8/1/2022,0.291262817,5.274313427,3475,180.6,5.5,5.68,100.6
AG,9/1/2022,0.326354723,1.637037401,3523,180.4,5.5,6.21,101.9
AG,10/1/2022,0.24915253,0.61761754,3545,182.1,5.7,6.73,102.4
BC,4/1/2020,0.061524443,0.375797947,2748,133.7,6.4,5.68,59.9
BC,5/1/2020,0.061524443,0.465590377,2893,134.2,6.7,5.75,67.1
BC,6/1/2020,0.074827025,0.212841315,2943,135.8,6.9,5.79,79.1
BC,7/1/2020,0.244434948,1.21053498,3085,135.8,6.5,5.78,85.2
BC,8/1/2020,0.17958486,2.291369784,2993,136.4,6.3,5.78,90.1
BC,9/1/2020,0.199538733,2.841764122,2993,136.8,6.1,5.65,92.7
BC,10/1/2020,0.696722743,6.245562342,3003,136.4,6.1,5.41,92
BC,11/1/2020,0.547068693,8.069678926,2990,140,6.2,5.27,89
BC,12/1/2020,0.596953376,5.389208613,3092,140,6.3,5.36,90.7
BC,1/1/2021,0.379123593,3.980797723,3286,135.7,5.9,5.26,93.7
BC,2/1/2021,0.369146656,2.741994755,3056,137.9,5.9,5.28,94.4
BC,3/1/2021,0.502172478,4.921955413,2989,142.2,6,5.29,94.7
BC,4/1/2021,0.493858364,3.874377065,3162,146.3,5.5,5.11,95.8
BC,5/1/2021,0.468916022,0.643512414,3176,150.1,5.3,4.73,101
BC,6/1/2021,0.415705694,0.109746303,3185,153.3,5.1,4.6,101.4
BC,7/1/2021,0.640186768,0.08979243,3202,155.6,5.3,4.58,103
BC,8/1/2021,0.768224122,0.809794691,3251,157.2,5.5,4.36,102.5
BC,9/1/2021,0.705036856,4.99179397,3346,158.3,5.3,4.21,101.3
BC,10/1/2021,0.711688148,13.75320717,3266,161.2,5.7,4.17,101.2
BC,11/1/2021,0.52711482,4.976828565,3403,167.5,5.7,4.12,100.3
BC,12/1/2021,0.739956135,1.019310361,3545,165.2,6,4.12,103.2
BC,1/1/2022,0.390763352,17.69575997,3265,164.3,6,4.1,102.3
BC,2/1/2022,0.520463528,11.47680279,3263,168.5,5.8,4.15,102
BC,3/1/2022,0.552057161,2.096819519,3419,177.6,5.6,4.16,102.6
BC,4/1/2022,0.410717225,0.84471397,3403,179.9,5.5,4.22,103.4
BC,5/1/2022,0.51547506,0.460601909,3533,181.6,5.5,4.53,102.4
BC,6/1/2022,0.415705694,0.071501379,3582,184.4,5.5,4.87,101.8
BC,7/1/2022,0.525451997,4.002414419,3585,187.1,5.5,5.27,102.1
BC,8/1/2022,0.65348935,6.65794239,3634,180.6,5.5,5.68,100.6
BC,9/1/2022,0.52711482,2.153355493,3652,180.4,5.5,6.21,101.9
BC,10/1/2022,0.405728757,0.601941844,3556,182.1,5.7,6.73,102.4
BH,4/1/2020,0.141484536,0.827140362,4316,133.7,6.4,5.68,59.9
BH,5/1/2020,0.121531588,0.275713454,4147,134.2,6.7,5.75,67.1
BH,6/1/2020,0.1686931,0.114275971,4239,135.8,6.9,5.79,79.1
BH,7/1/2020,0.270271741,0.451662171,5187,135.8,6.5,5.78,85.2
BH,8/1/2020,0.159623579,2.595697056,5349,136.4,6.3,5.78,90.1
BH,9/1/2020,0.203157282,2.256496952,2629,136.8,6.1,5.65,92.7
BH,10/1/2020,0.596774515,5.372784543,2666,136.4,6.1,5.41,92
BH,11/1/2020,0.495195874,13.6206074,2682,140,6.2,5.27,89
BH,12/1/2020,0.594960611,6.571775286,2744,140,6.3,5.36,90.7
BH,1/1/2021,0.370036478,4.335231282,2781,135.7,5.9,5.26,93.7
BH,2/1/2021,0.484312449,2.296402846,2738,137.9,5.9,5.28,94.4
BH,3/1/2021,0.75458419,6.479266167,2789,142.2,6,5.29,94.7
BH,4/1/2021,0.678400209,6.230761277,2850,146.3,5.5,5.11,95.8
BH,5/1/2021,0.645749932,1.523679614,2823,150.1,5.3,4.73,101
BH,6/1/2021,0.645749932,0.1686931,2890,153.3,5.1,4.6,101.4
BH,7/1/2021,0.549613004,0.036278086,2880,155.6,5.3,4.58,103
BH,8/1/2021,0.658447262,0.28659688,2898,157.2,5.5,4.36,102.5
BH,9/1/2021,0.761839807,4.32616176,2826,158.3,5.3,4.21,101.3
BH,10/1/2021,0.716492199,21.77592115,2894,161.2,5.7,4.17,101.2
BH,11/1/2021,0.642122123,10.70203538,2954,167.5,5.7,4.12,100.3
BH,12/1/2021,0.758211998,2.370772923,3014,165.2,6,4.12,103.2
BH,1/1/2022,0.408128468,27.63301814,3030,164.3,6,4.1,102.3
BH,2/1/2022,0.551426908,21.91740568,3105,168.5,5.8,4.15,102
BH,3/1/2022,0.798117893,3.76929314,3167,177.6,5.6,4.16,102.6
BH,4/1/2022,0.558682525,1.487401528,3132,179.9,5.5,4.22,103.4
BH,5/1/2022,0.526032248,0.750956381,3183,181.6,5.5,4.53,102.4
BH,6/1/2022,0.526032248,0.1686931,3184,184.4,5.5,4.87,101.8
BH,7/1/2022,0.487940257,6.092904551,3180,187.1,5.5,5.27,102.1
BH,8/1/2022,0.495195874,8.260520191,3192,180.6,5.5,5.68,100.6
BH,9/1/2022,0.565938142,2.936711065,3249,180.4,5.5,6.21,101.9
BH,10/1/2022,0.576821568,1.14275971,3251,182.1,5.7,6.73,102.4
BN,4/1/2020,0.057434761,0.625025339,2385,133.7,6.4,5.68,59.9
BN,5/1/2020,0.070948822,0.506777302,2546,134.2,6.7,5.75,67.1
BN,6/1/2020,0.121626552,0.635160885,2607,135.8,6.9,5.79,79.1
BN,7/1/2020,0.138519129,1.128424125,2688,135.8,6.5,5.78,85.2
BN,8/1/2020,0.226360528,0.962876873,2634,136.4,6.3,5.78,90.1
BN,9/1/2020,0.148654675,1.246672162,2634,136.8,6.1,5.65,92.7
BN,10/1/2020,0.368258173,4.148816844,2681,136.4,6.1,5.41,92
BN,11/1/2020,0.395286295,10.29433626,2731,140,6.2,5.27,89
BN,12/1/2020,0.307444896,5.23332027,2873,140,6.3,5.36,90.7
BN,1/1/2021,0.212846467,3.074448964,2803,135.7,5.9,5.26,93.7
BN,2/1/2021,0.243253105,1.861561955,2611,137.9,5.9,5.28,94.4
BN,3/1/2021,0.358122627,4.89209022,2674,142.2,6,5.29,94.7
BN,4/1/2021,0.304066381,4.483289863,2701,146.3,5.5,5.11,95.8
BN,5/1/2021,0.378393719,0.956119843,2651,150.1,5.3,4.73,101
BN,6/1/2021,0.334473019,0.074327338,2658,153.3,5.1,4.6,101.4
BN,7/1/2021,0.368258173,0.125005068,2677,155.6,5.3,4.58,103
BN,8/1/2021,0.466235118,1.337892077,2725,157.2,5.5,4.36,102.5
BN,9/1/2021,0.503398786,7.777342325,2680,158.3,5.3,4.21,101.3
BN,10/1/2021,0.337851535,11.99372948,2731,161.2,5.7,4.17,101.2
BN,11/1/2021,0.412178872,3.699474303,2850,167.5,5.7,4.12,100.3
BN,12/1/2021,0.543940971,1.040582726,2793,165.2,6,4.12,103.2
BN,1/1/2022,0.270281228,16.17633147,2876,164.3,6,4.1,102.3
BN,2/1/2022,0.402043326,14.80803276,2915,168.5,5.8,4.15,102
BN,3/1/2022,0.418935903,2.827817344,3047,177.6,5.6,4.16,102.6
BN,4/1/2022,0.496641756,1.229779586,3151,179.9,5.5,4.22,103.4
BN,5/1/2022,0.422314418,0.520291363,3099,181.6,5.5,4.53,102.4
BN,6/1/2022,0.283795289,0.104733976,3058,184.4,5.5,4.87,101.8
BN,7/1/2022,0.320958958,6.01713583,3079,187.1,5.5,5.27,102.1
BN,8/1/2022,0.445964026,6.11849129,3023,180.6,5.5,5.68,100.6
BN,9/1/2022,0.432449964,1.591280728,3099,180.4,5.5,6.21,101.9
BN,10/1/2022,0.513534332,0.489884725,3113,182.1,5.7,6.73,102.4
BT,4/1/2020,0.08146204,1.160834069,2659,133.7,6.4,5.68,59.9
BT,5/1/2020,0.137467192,0.768798002,2706,134.2,6.7,5.75,67.1
BT,6/1/2020,0.099281861,0.666970452,2850,135.8,6.9,5.79,79.1
BT,7/1/2020,0.267297319,0.379307624,2996,135.8,6.5,5.78,85.2
BT,8/1/2020,0.259660252,0.4073102,2845,136.4,6.3,5.78,90.1
BT,9/1/2020,0.234203365,0.870625552,2845,136.8,6.1,5.65,92.7
BT,10/1/2020,0.28511714,4.024733912,2807,136.4,6.1,5.41,92
BT,11/1/2020,0.262205941,7.351949107,2860,140,6.2,5.27,89
BT,12/1/2020,0.369124869,5.295032598,2833,140,6.3,5.36,90.7
BT,1/1/2021,0.343667981,4.154564038,2919,135.7,5.9,5.26,93.7
BT,2/1/2021,0.234203365,2.830805889,2866,137.9,5.9,5.28,94.4
BT,3/1/2021,0.455678286,4.477866509,2845,142.2,6,5.29,94.7
BT,4/1/2021,0.417492955,2.899539485,2899,146.3,5.5,5.11,95.8
BT,5/1/2021,0.252023186,0.697518717,2873,150.1,5.3,4.73,101
BT,6/1/2021,0.313119716,0.132375815,2874,153.3,5.1,4.6,101.4
BT,7/1/2021,0.353850736,0.06109653,2883,155.6,5.3,4.58,103
BT,8/1/2021,0.425130021,0.290208517,2914,157.2,5.5,4.36,102.5
BT,9/1/2021,0.440404154,5.694705731,2839,158.3,5.3,4.21,101.3
BT,10/1/2021,0.308028339,11.69489411,2986,161.2,5.7,4.17,101.2
BT,11/1/2021,0.374216246,3.4392255,3004,167.5,5.7,4.12,100.3
BT,12/1/2021,0.44804122,0.987727235,3059,165.2,6,4.12,103.2
BT,1/1/2022,0.254568875,17.90892035,3031,164.3,6,4.1,102.3
BT,2/1/2022,0.397127445,12.09202156,3059,168.5,5.8,4.15,102
BT,3/1/2022,0.412401577,1.863444164,3136,177.6,5.6,4.16,102.6
BT,4/1/2022,0.473498107,0.498954995,3145,179.9,5.5,4.22,103.4
BT,5/1/2022,0.371670557,0.351305047,3343,181.6,5.5,4.53,102.4
BT,6/1/2022,0.282571451,0.10182755,3214,184.4,5.5,4.87,101.8
BT,7/1/2022,0.310574027,3.199930757,3172,187.1,5.5,5.27,102.1
BT,8/1/2022,0.496409306,4.526234595,3166,180.6,5.5,5.68,100.6
BT,9/1/2022,0.394581756,2.527868928,3208,180.4,5.5,6.21,101.9
BT,10/1/2022,0.282571451,0.498954995,3149,182.1,5.7,6.73,102.4
BR,4/1/2020,0.12435513,0.081719085,2661,133.7,6.4,5.68,59.9
BR,5/1/2020,0.145673152,0.017765019,2670,134.2,6.7,5.75,67.1
BR,6/1/2020,0.149226156,0.675070705,2761,135.8,6.9,5.79,79.1
BR,7/1/2020,0.259369271,2.177991274,2947,135.8,6.5,5.78,85.2
BR,8/1/2020,0.373065389,3.094666231,2766,136.4,6.3,5.78,90.1
BR,9/1/2020,0.351747367,2.458678567,2766,136.8,6.1,5.65,92.7
BR,10/1/2020,0.277134289,3.545897702,2789,136.4,6.1,5.41,92
BR,11/1/2020,0.380171397,8.182567543,2736,140,6.2,5.27,89
BR,12/1/2020,0.401489419,8.985546381,2871,140,6.3,5.36,90.7
BR,1/1/2021,0.262922274,3.922516095,2909,135.7,5.9,5.26,93.7
BR,2/1/2021,0.227392237,1.737418814,2690,137.9,5.9,5.28,94.4
BR,3/1/2021,0.419254438,6.246180521,2641,142.2,6,5.29,94.7
BR,4/1/2021,0.31621733,4.871168085,2688,146.3,5.5,5.11,95.8
BR,5/1/2021,0.397936415,1.122749172,2696,150.1,5.3,4.73,101
BR,6/1/2021,0.458337479,0.117249122,2730,153.3,5.1,4.6,101.4
BR,7/1/2021,0.422807441,0.06750707,2721,155.6,5.3,4.58,103
BR,8/1/2021,0.305558319,0.369512386,2759,157.2,5.5,4.36,102.5
BR,9/1/2021,0.383724401,3.968705143,2699,158.3,5.3,4.21,101.3
BR,10/1/2021,0.326876341,20.24501514,2819,161.2,5.7,4.17,101.2
BR,11/1/2021,0.291346304,8.061765416,2859,167.5,5.7,4.12,100.3
BR,12/1/2021,0.284240297,2.249051348,2929,165.2,6,4.12,103.2
BR,1/1/2022,0.266475278,7.617639953,3102,164.3,6,4.1,102.3
BR,2/1/2022,0.31621733,17.21785598,3076,168.5,5.8,4.15,102
BR,3/1/2022,0.337535352,3.414436565,3158,177.6,5.6,4.16,102.6
BR,4/1/2022,0.245157256,1.22578628,3182,179.9,5.5,4.22,103.4
BR,5/1/2022,0.383724401,0.422807441,3324,181.6,5.5,4.53,102.4
BR,6/1/2022,0.415701434,0.046189048,3322,184.4,5.5,4.87,101.8
BR,7/1/2022,0.369512386,3.290081435,3351,187.1,5.5,5.27,102.1
BR,8/1/2022,0.341088356,5.205150434,3273,180.6,5.5,5.68,100.6
BR,9/1/2022,0.326876341,1.669911743,3284,180.4,5.5,6.21,101.9
BR,10/1/2022,0.34464136,0.500973523,3346,182.1,5.7,6.73,102.4
BV,4/1/2020,0.25978065,0.836054627,2819,133.7,6.4,5.68,59.9
BV,5/1/2020,0.737264802,0.536026271,2817,134.2,6.7,5.75,67.1
BV,6/1/2020,0.889108422,1.342809839,3000,135.8,6.9,5.79,79.1
BV,7/1/2020,1.192795661,2.890517092,2940,135.8,6.5,5.78,85.2
BV,8/1/2020,1.328174309,2.744161796,2953,136.4,6.3,5.78,90.1
BV,9/1/2020,1.106811924,2.738673472,2953,136.8,6.1,5.65,92.7
BV,10/1/2020,1.507459546,6.521957868,2983,136.4,6.1,5.41,92
BV,11/1/2020,1.598931606,17.23699496,2995,140,6.2,5.27,89
BV,12/1/2020,2.252042114,11.24740448,3152,140,6.3,5.36,90.7
BV,1/1/2021,1.136082983,6.600623839,3346,135.7,5.9,5.26,93.7
BV,2/1/2021,1.450746869,6.167046276,3195,137.9,5.9,5.28,94.4
BV,3/1/2021,1.984943699,12.24079105,3147,142.2,6,5.29,94.7
BV,4/1/2021,1.450746869,7.204339435,3348,146.3,5.5,5.11,95.8
BV,5/1/2021,1.373910339,1.472700164,3321,150.1,5.3,4.73,101
BV,6/1/2021,1.732480814,0.13720809,3260,153.3,5.1,4.6,101.4
BV,7/1/2021,1.668450372,0.047565471,3396,155.6,5.3,4.58,103
BV,8/1/2021,2.041656376,0.592738948,3284,157.2,5.5,4.36,102.5
BV,9/1/2021,2.158740613,5.263302324,3260,158.3,5.3,4.21,101.3
BV,10/1/2021,1.672109254,23.66382189,3278,161.2,5.7,4.17,101.2
BV,11/1/2021,1.60441993,11.01872433,3516,167.5,5.7,4.12,100.3
BV,12/1/2021,1.924572139,3.155786065,3669,165.2,6,4.12,103.2
BV,1/1/2022,1.233043367,29.55645198,3431,164.3,6,4.1,102.3
BV,2/1/2022,1.408669722,34.59473304,3430,168.5,5.8,4.15,102
BV,3/1/2022,1.747116343,7.765977882,3706,177.6,5.6,4.16,102.6
BV,4/1/2022,1.575148871,2.745991237,3604,179.9,5.5,4.22,103.4
BV,5/1/2022,1.931889904,1.264143867,3629,181.6,5.5,4.53,102.4
BV,6/1/2022,1.48184737,0.318322768,3821,184.4,5.5,4.87,101.8
BV,7/1/2022,1.556854459,11.36997704,3688,187.1,5.5,5.27,102.1
BV,8/1/2022,1.571489988,11.52730898,3719,180.6,5.5,5.68,100.6
BV,9/1/2022,1.533071723,3.512527099,3754,180.4,5.5,6.21,101.9
BV,10/1/2022,1.639179313,1.456235193,3819,182.1,5.7,6.73,102.4
B,4/1/2020,0.987791802,0.742591125,4246,133.7,6.4,5.68,59.9
B,5/1/2020,0.883537832,0.407114664,4073,134.2,6.7,5.75,67.1
B,6/1/2020,1.375104036,0.679689288,4258,135.8,6.9,5.79,79.1
B,7/1/2020,1.815999315,1.599337434,4320,135.8,6.5,5.78,85.2
B,8/1/2020,1.594678039,2.988419655,4139,136.4,6.3,5.78,90.1
B,9/1/2020,1.721064136,3.75605503,4139,136.8,6.1,5.65,92.7
B,10/1/2020,3.090926352,10.6432237,4218,136.4,6.1,5.41,92
B,11/1/2020,2.529469219,18.51993144,4243,140,6.2,5.27,89
B,12/1/2020,3.096168172,19.51995415,4289,140,6.3,5.36,90.7
B,1/1/2021,1.590601068,10.15223992,4716,135.7,5.9,5.26,93.7
B,2/1/2021,2.06352969,6.2843594,4373,137.9,5.9,5.28,94.4
B,3/1/2021,2.630811067,17.47913901,4313,142.2,6,5.29,94.7
B,4/1/2021,2.30640067,12.07831745,4748,146.3,5.5,5.11,95.8
B,5/1/2021,2.250487926,1.901033279,4726,150.1,5.3,4.73,101
B,6/1/2021,2.311642489,0.23238734,4513,153.3,5.1,4.6,101.4
B,7/1/2021,2.733317763,0.283640688,4631,155.6,5.3,4.58,103
B,8/1/2021,2.96395783,1.682624125,4640,157.2,5.5,4.36,102.5
B,9/1/2021,2.992496626,12.27401205,4511,158.3,5.3,4.21,101.3
B,10/1/2021,2.655272892,44.5345002,4612,161.2,5.7,4.17,101.2
B,11/1/2021,2.416478883,10.24833994,4673,167.5,5.7,4.12,100.3
B,12/1/2021,3.373402191,4.45845887,5175,165.2,6,4.12,103.2
B,1/1/2022,1.680294427,39.08475498,4832,164.3,6,4.1,102.3
B,2/1/2022,2.53354619,74.85376779,4868,168.5,5.8,4.15,102
B,3/1/2022,3.326808239,21.38371227,5315,177.6,5.6,4.16,102.6
B,4/1/2022,2.710020787,6.422393986,5287,179.9,5.5,4.22,103.4
B,5/1/2022,2.942990551,2.100222428,5093,181.6,5.5,4.53,102.4
B,6/1/2022,2.456666168,0.665128678,5182,184.4,5.5,4.87,101.8
B,7/1/2022,2.735065036,21.16938008,5228,187.1,5.5,5.27,102.1
B,8/1/2022,2.319796431,14.68524911,5119,180.6,5.5,5.68,100.6
B,9/1/2022,3.066464527,4.380413999,5243,180.4,5.5,6.21,101.9
B,10/1/2022,3.290697925,2.66692138,5220,182.1,5.7,6.73,102.4
BZ,4/1/2020,0.09630129,0.049385277,2479,133.7,6.4,5.68,59.9
BZ,5/1/2020,0.051854541,0.434590436,2470,134.2,6.7,5.75,67.1
BZ,6/1/2020,0.106178345,0.911158356,2572,135.8,6.9,5.79,79.1
BZ,7/1/2020,0.145686566,1.834663032,2588,135.8,6.5,5.78,85.2
BZ,8/1/2020,0.130870983,2.31616948,2579,136.4,6.3,5.78,90.1
BZ,9/1/2020,0.083954971,1.303771307,2579,136.8,6.1,5.65,92.7
BZ,10/1/2020,0.296311661,2.856938261,2596,136.4,6.1,5.41,92
BZ,11/1/2020,0.222233745,6.521325797,2620,140,6.2,5.27,89
BZ,12/1/2020,0.375328103,4.103916499,2636,140,6.3,5.36,90.7
BZ,1/1/2021,0.209887426,1.881579045,2773,135.7,5.9,5.26,93.7
BZ,2/1/2021,0.251864912,1.419826707,2739,137.9,5.9,5.28,94.4
BZ,3/1/2021,0.362981784,3.14584213,2720,142.2,6,5.29,94.7
BZ,4/1/2021,0.274088286,3.380422195,2840,146.3,5.5,5.11,95.8
BZ,5/1/2021,0.30865798,0.837080441,2790,150.1,5.3,4.73,101
BZ,6/1/2021,0.313596507,0.071608651,2821,153.3,5.1,4.6,101.4
BZ,7/1/2021,0.335819882,0.051854541,2829,155.6,5.3,4.58,103
BZ,8/1/2021,0.281496078,0.36051252,2795,157.2,5.5,4.36,102.5
BZ,9/1/2021,0.291373133,3.5508014,2806,158.3,5.3,4.21,101.3
BZ,10/1/2021,0.345696937,17.00582005,2894,161.2,5.7,4.17,101.2
BZ,11/1/2021,0.279026814,7.091725744,2934,167.5,5.7,4.12,100.3
BZ,12/1/2021,0.335819882,1.427234499,3028,165.2,6,4.12,103.2
BZ,1/1/2022,0.227172273,12.08951575,2978,164.3,6,4.1,102.3
BZ,2/1/2022,0.274088286,22.77402038,2998,168.5,5.8,4.15,102
BZ,3/1/2022,0.298780924,3.224858573,3108,177.6,5.6,4.16,102.6
BZ,4/1/2022,0.214825954,0.940789522,3086,179.9,5.5,4.22,103.4
BZ,5/1/2022,0.254334175,0.367920312,3084,181.6,5.5,4.53,102.4
BZ,6/1/2022,0.301250188,0.074077915,3229,184.4,5.5,4.87,101.8
BZ,7/1/2022,0.293842397,4.18787147,3233,187.1,5.5,5.27,102.1
BZ,8/1/2022,0.338289146,5.681776092,3194,180.6,5.5,5.68,100.6
BZ,9/1/2022,0.303719452,2.237153038,3233,180.4,5.5,6.21,101.9
BZ,10/1/2022,0.271619022,0.60496964,3265,182.1,5.7,6.73,102.4
CL,4/1/2020,0.081140769,0.169337256,2633,133.7,6.4,5.68,59.9
CL,5/1/2020,0.077612909,0.165809397,2673,134.2,6.7,5.75,67.1
CL,6/1/2020,0.176392975,0.28928448,2732,135.8,6.9,5.79,79.1
CL,7/1/2020,0.14464224,0.416287422,2955,135.8,6.5,5.78,85.2
CL,8/1/2020,0.130530802,0.864325579,2726,136.4,6.3,5.78,90.1
CL,9/1/2020,0.151697959,1.023079257,2726,136.8,6.1,5.65,92.7
CL,10/1/2020,0.14464224,2.998680581,2758,136.4,6.1,5.41,92
CL,11/1/2020,0.14464224,9.57813856,2780,140,6.2,5.27,89
CL,12/1/2020,0.119947223,6.632375872,2813,140,6.3,5.36,90.7
CL,1/1/2021,0.109363645,3.164489977,2913,135.7,5.9,5.26,93.7
CL,2/1/2021,0.155225818,1.587536778,2832,137.9,5.9,5.28,94.4
CL,3/1/2021,0.186976554,4.50154873,2869,142.2,6,5.29,94.7
CL,4/1/2021,0.127002942,3.284437201,2953,146.3,5.5,5.11,95.8
CL,5/1/2021,0.084668628,0.730266918,2925,150.1,5.3,4.73,101
CL,6/1/2021,0.084668628,0.084668628,2983,153.3,5.1,4.6,101.4
CL,7/1/2021,0.095252207,0.095252207,2943,155.6,5.3,4.58,103
CL,8/1/2021,0.130530802,1.107747885,2921,157.2,5.5,4.36,102.5
CL,9/1/2021,0.091724347,5.058950532,2957,158.3,5.3,4.21,101.3
CL,10/1/2021,0.07408505,16.06234433,3014,161.2,5.7,4.17,101.2
CL,11/1/2021,0.031750736,4.462742276,3023,167.5,5.7,4.12,100.3
CL,12/1/2021,0.081140769,0.560929662,3164,165.2,6,4.12,103.2
CL,1/1/2022,0.056445752,8.269302683,3128,164.3,6,4.1,102.3
CL,2/1/2022,0.148170099,15.75894842,3183,168.5,5.8,4.15,102
CL,3/1/2022,0.127002942,2.691756803,3378,177.6,5.6,4.16,102.6
CL,4/1/2022,0.067029331,0.836102703,3288,179.9,5.5,4.22,103.4
CL,5/1/2022,0.165809397,0.366897389,3345,181.6,5.5,4.53,102.4
CL,6/1/2022,0.098780066,0.056445752,3452,184.4,5.5,4.87,101.8
CL,7/1/2022,0.137586521,4.127595623,3483,187.1,5.5,5.27,102.1
CL,8/1/2022,0.116419364,5.605768756,3428,180.6,5.5,5.68,100.6
CL,9/1/2022,0.077612909,1.495812431,3503,180.4,5.5,6.21,101.9
CL,10/1/2022,0.056445752,0.518595347,3550,182.1,5.7,6.73,102.4
CS,4/1/2020,0.133826464,0.360925917,2667,133.7,6.4,5.68,59.9
CS,5/1/2020,0.166269243,0.09327299,2529,134.2,6.7,5.75,67.1
CS,6/1/2020,0.26359758,0.004055347,2744,135.8,6.9,5.79,79.1
CS,7/1/2020,0.267652927,0.628578844,2930,135.8,6.5,5.78,85.2
CS,8/1/2020,0.18654598,1.605917563,2743,136.4,6.3,5.78,90.1
CS,9/1/2020,0.113549727,2.80224504,2743,136.8,6.1,5.65,92.7
CS,10/1/2020,0.125715769,5.300339027,2848,136.4,6.1,5.41,92
CS,11/1/2020,0.113549727,8.76360569,2843,140,6.2,5.27,89
CS,12/1/2020,0.239265495,6.314175872,2861,140,6.3,5.36,90.7
CS,1/1/2021,0.227099453,5.292228332,2940,135.7,5.9,5.26,93.7
CS,2/1/2021,0.296040359,2.672473924,2720,137.9,5.9,5.28,94.4
CS,3/1/2021,0.328483138,4.663649488,2673,142.2,6,5.29,94.7
CS,4/1/2021,0.194656674,5.722095155,2748,146.3,5.5,5.11,95.8
CS,5/1/2021,0.300095706,2.125002028,2751,150.1,5.3,4.73,101
CS,6/1/2021,0.320372443,0.227099453,2765,153.3,5.1,4.6,101.4
CS,7/1/2021,0.26359758,0.052719516,2766,155.6,5.3,4.58,103
CS,8/1/2021,0.251431538,0.766460655,2726,157.2,5.5,4.36,102.5
CS,9/1/2021,0.397424043,5.876198355,2627,158.3,5.3,4.21,101.3
CS,10/1/2021,0.60424676,15.55225721,2687,161.2,5.7,4.17,101.2
CS,11/1/2021,0.328483138,7.16985417,2787,167.5,5.7,4.12,100.3
CS,12/1/2021,0.377147306,2.453485166,2920,165.2,6,4.12,103.2
CS,1/1/2022,0.291985011,13.54080491,2949,164.3,6,4.1,102.3
CS,2/1/2022,0.364981264,23.23308515,2968,168.5,5.8,4.15,102
CS,3/1/2022,0.632634191,5.888364397,2969,177.6,5.6,4.16,102.6
CS,4/1/2022,0.421756128,1.662692426,2992,179.9,5.5,4.22,103.4
CS,5/1/2022,0.450143559,0.51097377,3149,181.6,5.5,4.53,102.4
CS,6/1/2022,0.41770078,0.097328337,3045,184.4,5.5,4.87,101.8
CS,7/1/2022,0.43392217,4.33516635,3014,187.1,5.5,5.27,102.1
CS,8/1/2022,0.474475644,6.662935747,2990,180.6,5.5,5.68,100.6
CS,9/1/2022,0.442032865,1.910068616,3102,180.4,5.5,6.21,101.9
CS,10/1/2022,0.673187665,0.734017876,3188,182.1,5.7,6.73,102.4
CJ,4/1/2020,1.018934212,0.513884451,3590,133.7,6.4,5.68,59.9
CJ,5/1/2020,0.955618936,0.297434553,3816,134.2,6.7,5.75,67.1
CJ,6/1/2020,0.79806697,0.191418277,3763,135.8,6.9,5.79,79.1
CJ,7/1/2020,1.133785179,0.756838418,3991,135.8,6.5,5.78,85.2
CJ,8/1/2020,1.328148352,1.230966765,3871,136.4,6.3,5.78,90.1
CJ,9/1/2020,0.876106729,2.009891908,3871,136.8,6.1,5.65,92.7
CJ,10/1/2020,1.600551285,8.741925462,3936,136.4,6.1,5.41,92
CJ,11/1/2020,1.500424801,18.24068934,3968,140,6.2,5.27,89
CJ,12/1/2020,2.082041873,11.74719241,4058,140,6.3,5.36,90.7
CJ,1/1/2021,1.276612662,8.469522529,4238,135.7,5.9,5.26,93.7
CJ,2/1/2021,1.311951421,6.758537623,3963,137.9,5.9,5.28,94.4
CJ,3/1/2021,1.806694044,12.72342562,3976,142.2,6,5.29,94.7
CJ,4/1/2021,1.516621732,10.85488875,4314,146.3,5.5,5.11,95.8
CJ,5/1/2021,1.354652421,2.017254149,4187,150.1,5.3,4.73,101
CJ,6/1/2021,1.317841214,0.235591725,4148,153.3,5.1,4.6,101.4
CJ,7/1/2021,1.572574767,0.242953967,4177,155.6,5.3,4.58,103
CJ,8/1/2021,1.653559423,1.291337145,4277,157.2,5.5,4.36,102.5
CJ,9/1/2021,1.597606388,8.609405116,4263,158.3,5.3,4.21,101.3
CJ,10/1/2021,1.459196249,22.84356268,4291,161.2,5.7,4.17,101.2
CJ,11/1/2021,1.301644283,10.83721937,4414,167.5,5.7,4.12,100.3
CJ,12/1/2021,1.693315527,3.411662674,4605,165.2,6,4.12,103.2
CJ,1/1/2022,0.962981178,35.53312199,4424,164.3,6,4.1,102.3
CJ,2/1/2022,1.419440146,49.73635813,4449,168.5,5.8,4.15,102
CJ,3/1/2022,1.824363424,15.29137543,4821,177.6,5.6,4.16,102.6
CJ,4/1/2022,1.068997454,5.586468789,4619,179.9,5.5,4.22,103.4
CJ,5/1/2022,1.370849352,1.974553149,4864,181.6,5.5,4.53,102.4
CJ,6/1/2022,0.964453626,0.38578145,4712,184.4,5.5,4.87,101.8
CJ,7/1/2022,1.251581041,14.0280148,4756,187.1,5.5,5.27,102.1
CJ,8/1/2022,1.195628007,13.29473556,4730,180.6,5.5,5.68,100.6
CJ,9/1/2022,1.101391316,4.694165129,4791,180.4,5.5,6.21,101.9
CJ,10/1/2022,1.136730075,1.744851216,4849,182.1,5.7,6.73,102.4
CT,4/1/2020,0.239330363,0.352135757,3007,133.7,6.4,5.68,59.9
CT,5/1/2020,0.408538454,0.073171066,2997,134.2,6.7,5.75,67.1
CT,6/1/2020,0.478660726,0.254574335,3026,135.8,6.9,5.79,79.1
CT,7/1/2020,0.621954064,0.739332649,3022,135.8,6.5,5.78,85.2
CT,8/1/2020,0.51981945,1.153968692,3042,136.4,6.3,5.78,90.1
CT,9/1/2020,0.423782426,1.771349564,3042,136.8,6.1,5.65,92.7
CT,10/1/2020,1.00152897,4.419227527,3043,136.4,6.1,5.41,92
CT,11/1/2020,0.977138615,17.50312883,3032,140,6.2,5.27,89
CT,12/1/2020,1.120431953,13.55798883,3078,140,6.3,5.36,90.7
CT,1/1/2021,0.847564852,5.795758212,3460,135.7,5.9,5.26,93.7
CT,2/1/2021,1.195127417,3.320137135,3076,137.9,5.9,5.28,94.4
CT,3/1/2021,1.535067996,9.170773647,3047,142.2,6,5.29,94.7
CT,4/1/2021,1.327749974,6.175333119,3081,146.3,5.5,5.11,95.8
CT,5/1/2021,1.112809967,1.076224434,3208,150.1,5.3,4.73,101
CT,6/1/2021,1.271347278,0.12042738,3119,153.3,5.1,4.6,101.4
CT,7/1/2021,1.342993947,0.164634899,3161,155.6,5.3,4.58,103
CT,8/1/2021,1.484762888,0.996955779,3175,157.2,5.5,4.36,102.5
CT,9/1/2021,1.140249117,7.117410598,3133,158.3,5.3,4.21,101.3
CT,10/1/2021,1.164639472,22.81107993,3148,161.2,5.7,4.17,101.2
CT,11/1/2021,1.147871103,7.836926084,3190,167.5,5.7,4.12,100.3
CT,12/1/2021,1.714946867,1.649397787,3525,165.2,6,4.12,103.2
CT,1/1/2022,1.143297911,26.06414359,3187,164.3,6,4.1,102.3
CT,2/1/2022,1.35214033,35.75778548,3173,168.5,5.8,4.15,102
CT,3/1/2022,1.272871675,5.998503042,3278,177.6,5.6,4.16,102.6
CT,4/1/2022,0.902443151,1.605190268,3426,179.9,5.5,4.22,103.4
CT,5/1/2022,1.071651242,0.635673639,3332,181.6,5.5,4.53,102.4
CT,6/1/2022,1.11128557,0.125000572,3428,184.4,5.5,4.87,101.8
CT,7/1/2022,1.202749403,11.21041712,3448,187.1,5.5,5.27,102.1
CT,8/1/2022,1.109761173,9.89181353,3418,180.6,5.5,5.68,100.6
CT,9/1/2022,1.178359047,2.323181356,3377,180.4,5.5,6.21,101.9
CT,10/1/2022,1.02896812,0.861284427,3419,182.1,5.7,6.73,102.4
CV,4/1/2020,0.079983204,0.939802641,2395,133.7,6.4,5.68,59.9
CV,5/1/2020,0.089981104,0.204956959,2422,134.2,6.7,5.75,67.1
CV,6/1/2020,0.184961158,0.254946461,2640,135.8,6.9,5.79,79.1
CV,7/1/2020,0.349926515,0.744843583,2517,135.8,6.5,5.78,85.2
CV,8/1/2020,0.279941212,1.614660921,2460,136.4,6.3,5.78,90.1
CV,9/1/2020,0.314933864,2.404495056,2460,136.8,6.1,5.65,92.7
CV,10/1/2020,0.314933864,4.938962818,2510,136.4,6.1,5.41,92
CV,11/1/2020,0.304935963,9.862928785,2484,140,6.2,5.27,89
CV,12/1/2020,0.284940163,4.139130783,2504,140,6.3,5.36,90.7
CV,1/1/2021,0.194959059,2.644444667,2667,135.7,5.9,5.26,93.7
CV,2/1/2021,0.184961158,1.969586387,2644,137.9,5.9,5.28,94.4
CV,3/1/2021,0.23495066,5.158916628,2672,142.2,6,5.29,94.7
CV,4/1/2021,0.259945411,6.273682527,2704,146.3,5.5,5.11,95.8
CV,5/1/2021,0.214954859,1.474690315,2671,150.1,5.3,4.73,101
CV,6/1/2021,0.239949611,0.144969556,2710,153.3,5.1,4.6,101.4
CV,7/1/2021,0.44490657,0.019995801,2842,155.6,5.3,4.58,103
CV,8/1/2021,0.374921267,0.114975855,2694,157.2,5.5,4.36,102.5
CV,9/1/2021,0.404914968,2.384499255,2691,158.3,5.3,4.21,101.3
CV,10/1/2021,0.244948561,11.51758131,2756,161.2,5.7,4.17,101.2
CV,11/1/2021,0.324931764,7.438437928,2836,167.5,5.7,4.12,100.3
CV,12/1/2021,0.429909719,2.369502404,3082,165.2,6,4.12,103.2
CV,1/1/2022,0.22495276,8.023315104,3206,164.3,6,4.1,102.3
CV,2/1/2022,0.374921267,18.76106018,3154,168.5,5.8,4.15,102
CV,3/1/2022,0.654862479,2.94438168,3207,177.6,5.6,4.16,102.6
CV,4/1/2022,0.369922316,0.834824687,3304,179.9,5.5,4.22,103.4
CV,5/1/2022,0.554883474,0.419911819,3293,181.6,5.5,4.53,102.4
CV,6/1/2022,0.354925466,0.129972706,3303,184.4,5.5,4.87,101.8
CV,7/1/2022,0.359924416,3.144339689,3208,187.1,5.5,5.27,102.1
CV,8/1/2022,0.344927565,6.908549205,3298,180.6,5.5,5.68,100.6
CV,9/1/2022,0.404914968,2.414492956,3306,180.4,5.5,6.21,101.9
CV,10/1/2022,0.284940163,0.864818388,3307,182.1,5.7,6.73,102.4
DB,4/1/2020,0.064663624,0.206506412,2613,133.7,6.4,5.68,59.9
DB,5/1/2020,0.087608781,0.398411361,2668,134.2,6.7,5.75,67.1
DB,6/1/2020,0.108468014,0.511051222,2723,135.8,6.9,5.79,79.1
DB,7/1/2020,0.266998189,2.726301825,2876,135.8,6.5,5.78,85.2
DB,8/1/2020,0.183561255,2.582373113,2733,136.4,6.3,5.78,90.1
DB,9/1/2020,0.200248642,1.967025724,2733,136.8,6.1,5.65,92.7
DB,10/1/2020,0.2857715,5.189777307,2738,136.4,6.1,5.41,92
DB,11/1/2020,0.175217562,10.2710866,2778,140,6.2,5.27,89
DB,12/1/2020,0.371294357,6.702071739,2810,140,6.3,5.36,90.7
DB,1/1/2021,0.210678259,4.034175768,2929,135.7,5.9,5.26,93.7
DB,2/1/2021,0.294115193,2.584459037,2688,137.9,5.9,5.28,94.4
DB,3/1/2021,0.29828704,5.834327623,2671,142.2,6,5.29,94.7
DB,4/1/2021,0.2857715,3.087166565,2717,146.3,5.5,5.11,95.8
DB,5/1/2021,0.256568573,0.730073174,2791,150.1,5.3,4.73,101
DB,6/1/2021,0.214850106,0.116811708,2736,153.3,5.1,4.6,101.4
DB,7/1/2021,0.289943346,0.052148084,2774,155.6,5.3,4.58,103
DB,8/1/2021,0.34209143,0.488106065,2734,157.2,5.5,4.36,102.5
DB,9/1/2021,0.32331812,3.496007543,2698,158.3,5.3,4.21,101.3
DB,10/1/2021,0.300372963,17.8721913,2747,161.2,5.7,4.17,101.2
DB,11/1/2021,0.283685576,6.531026024,2779,167.5,5.7,4.12,100.3
DB,12/1/2021,0.31706035,1.124312688,2914,165.2,6,4.12,103.2
DB,1/1/2022,0.237795262,11.38914152,2934,164.3,6,4.1,102.3
DB,2/1/2022,0.233623416,16.41830273,2917,168.5,5.8,4.15,102
DB,3/1/2022,0.312888503,2.826426146,2966,177.6,5.6,4.16,102.6
DB,4/1/2022,0.214850106,1.032532061,3065,179.9,5.5,4.22,103.4
DB,5/1/2022,0.350435124,0.561113382,3052,181.6,5.5,4.53,102.4
DB,6/1/2022,0.193990872,0.116811708,3138,184.4,5.5,4.87,101.8
DB,7/1/2022,0.266998189,5.241925391,3093,187.1,5.5,5.27,102.1
DB,8/1/2022,0.296201116,5.932366021,3035,180.6,5.5,5.68,100.6
DB,9/1/2022,0.246138956,1.414256035,3081,180.4,5.5,6.21,101.9
DB,10/1/2022,0.306630733,0.460989061,3106,182.1,5.7,6.73,102.4
DJ,4/1/2020,0.171826465,0.195181519,2922,133.7,6.4,5.68,59.9
DJ,5/1/2020,0.178499338,0.17683112,2901,134.2,6.7,5.75,67.1
DJ,6/1/2020,0.253569153,0.120111704,2999,135.8,6.9,5.79,79.1
DJ,7/1/2020,0.338648276,0.707324478,3064,135.8,6.5,5.78,85.2
DJ,8/1/2020,0.263578461,1.664881673,3103,136.4,6.3,5.78,90.1
DJ,9/1/2020,0.315293223,1.856726756,3103,136.8,6.1,5.65,92.7
DJ,10/1/2020,0.443746017,6.307532672,3098,136.4,6.1,5.41,92
DJ,11/1/2020,0.402040564,9.377053994,3100,140,6.2,5.27,89
DJ,12/1/2020,0.557184849,4.827823209,3111,140,6.3,5.36,90.7
DJ,1/1/2021,0.321966095,3.870266014,3280,135.7,5.9,5.26,93.7
DJ,2/1/2021,0.427063836,3.574991409,2997,137.9,5.9,5.28,94.4
DJ,3/1/2021,0.52048405,6.637839858,3010,142.2,6,5.29,94.7
DJ,4/1/2021,0.358666894,4.137180912,3046,146.3,5.5,5.11,95.8
DJ,5/1/2021,0.265246679,0.872478071,3101,150.1,5.3,4.73,101
DJ,6/1/2021,0.318629659,0.191845083,3012,153.3,5.1,4.6,101.4
DJ,7/1/2021,0.440409581,0.106765959,3043,155.6,5.3,4.58,103
DJ,8/1/2021,0.298611042,0.603894956,3163,157.2,5.5,4.36,102.5
DJ,9/1/2021,0.402040564,7.49196753,3033,158.3,5.3,4.21,101.3
DJ,10/1/2021,0.410381655,17.91332606,3042,161.2,5.7,4.17,101.2
DJ,11/1/2021,0.4237274,4.130508039,3113,167.5,5.7,4.12,100.3
DJ,12/1/2021,0.500465433,1.136056533,3291,165.2,6,4.12,103.2
DJ,1/1/2022,0.250232716,11.38225216,3251,164.3,6,4.1,102.3
DJ,2/1/2022,0.440409581,26.35784613,3229,168.5,5.8,4.15,102
DJ,3/1/2022,0.540502667,5.825417638,3299,177.6,5.6,4.16,102.6
DJ,4/1/2022,0.328638968,1.848385665,3351,179.9,5.5,4.22,103.4
DJ,5/1/2022,0.380353729,0.548843758,3446,181.6,5.5,4.53,102.4
DJ,6/1/2022,0.372012638,0.103429523,3411,184.4,5.5,4.87,101.8
DJ,7/1/2022,0.382021947,7.286776702,3432,187.1,5.5,5.27,102.1
DJ,8/1/2022,0.355330457,7.228389069,3490,180.6,5.5,5.68,100.6
DJ,9/1/2022,0.390363038,1.678227418,3449,180.4,5.5,6.21,101.9
DJ,10/1/2022,0.385358383,0.473773943,3466,182.1,5.7,6.73,102.4
GL,4/1/2020,0.185150898,0.740603592,2998,133.7,6.4,5.68,59.9
GL,5/1/2020,0.154963252,0.466902264,3041,134.2,6.7,5.75,67.1
GL,6/1/2020,0.285776386,0.569540262,3066,135.8,6.9,5.79,79.1
GL,7/1/2020,0.406526972,2.443186849,3205,135.8,6.5,5.78,85.2
GL,8/1/2020,0.400489442,2.425074262,3043,136.4,6.3,5.78,90.1
GL,9/1/2020,0.394451913,1.962197017,3043,136.8,6.1,5.65,92.7
GL,10/1/2020,0.535327596,4.061244697,3113,136.4,6.1,5.41,92
GL,11/1/2020,0.491052382,8.24323998,3136,140,6.2,5.27,89
GL,12/1/2020,0.513189989,11.04666608,3127,140,6.3,5.36,90.7
GL,1/1/2021,0.33407662,5.946966343,3245,135.7,5.9,5.26,93.7
GL,2/1/2021,0.472939794,3.163665344,3212,137.9,5.9,5.28,94.4
GL,3/1/2021,0.573565282,7.214847492,3169,142.2,6,5.29,94.7
GL,4/1/2021,0.557465204,5.938916304,3231,146.3,5.5,5.11,95.8
GL,5/1/2021,0.466902264,1.267881149,3248,150.1,5.3,4.73,101
GL,6/1/2021,0.609790457,0.179113369,3246,153.3,5.1,4.6,101.4
GL,7/1/2021,0.680228299,0.054337764,3261,155.6,5.3,4.58,103
GL,8/1/2021,0.744628611,0.67016575,3204,157.2,5.5,4.36,102.5
GL,9/1/2021,0.648028143,5.606852193,3255,158.3,5.3,4.21,101.3
GL,10/1/2021,0.644003123,17.42833453,3283,161.2,5.7,4.17,101.2
GL,11/1/2021,0.515202499,8.655804481,3293,167.5,5.7,4.12,100.3
GL,12/1/2021,0.480989833,1.245743542,3520,165.2,6,4.12,103.2
GL,1/1/2022,0.390426894,13.50997802,3325,164.3,6,4.1,102.3
GL,2/1/2022,0.543377635,19.12286775,3350,168.5,5.8,4.15,102
GL,3/1/2022,0.613815477,4.616697391,3414,177.6,5.6,4.16,102.6
GL,4/1/2022,0.478977323,2.056784975,3448,179.9,5.5,4.22,103.4
GL,5/1/2022,0.658090692,0.776828768,3553,181.6,5.5,4.53,102.4
GL,6/1/2022,0.513189989,0.08452541,3405,184.4,5.5,4.87,101.8
GL,7/1/2022,0.58966536,5.769865484,3435,187.1,5.5,5.27,102.1
GL,8/1/2022,0.726516024,7.084034358,3459,180.6,5.5,5.68,100.6
GL,9/1/2022,0.644003123,2.175523051,3503,180.4,5.5,6.21,101.9
GL,10/1/2022,0.569540262,0.50715246,3502,182.1,5.7,6.73,102.4
GR,4/1/2020,0.064869155,0.496058245,2871,133.7,6.4,5.68,59.9
GR,5/1/2020,0.05723749,0.339609106,2937,134.2,6.7,5.75,67.1
GR,6/1/2020,0.068684988,0.1869758,3026,135.8,6.9,5.79,79.1
GR,7/1/2020,0.110659147,0.518953241,3005,135.8,6.5,5.78,85.2
GR,8/1/2020,0.076316653,1.091328139,2912,136.4,6.3,5.78,90.1
GR,9/1/2020,0.103027482,1.614097212,2912,136.8,6.1,5.65,92.7
GR,10/1/2020,0.1869758,2.976349469,2889,136.4,6.1,5.41,92
GR,11/1/2020,0.171712469,8.413911,2933,140,6.2,5.27,89
GR,12/1/2020,0.152633306,8.394831836,2940,140,6.3,5.36,90.7
GR,1/1/2021,0.133554143,3.819648485,3040,135.7,5.9,5.26,93.7
GR,2/1/2021,0.110659147,2.098707959,2927,137.9,5.9,5.28,94.4
GR,3/1/2021,0.183159967,7.055474575,2900,142.2,6,5.29,94.7
GR,4/1/2021,0.190791633,4.155441759,3060,146.3,5.5,5.11,95.8
GR,5/1/2021,0.133554143,0.808956522,2984,150.1,5.3,4.73,101
GR,6/1/2021,0.148817473,0.106843314,2981,153.3,5.1,4.6,101.4
GR,7/1/2021,0.213686629,0.061053322,2973,155.6,5.3,4.58,103
GR,8/1/2021,0.167896637,0.595269894,2975,157.2,5.5,4.36,102.5
GR,9/1/2021,0.198423298,5.670327322,2914,158.3,5.3,4.21,101.3
GR,10/1/2021,0.148817473,19.54469485,3016,161.2,5.7,4.17,101.2
GR,11/1/2021,0.160264971,6.883762106,3024,167.5,5.7,4.12,100.3
GR,12/1/2021,0.137369976,1.499622233,3211,165.2,6,4.12,103.2
GR,1/1/2022,0.095395816,7.967458579,3179,164.3,6,4.1,102.3
GR,2/1/2022,0.11447498,19.51798402,3189,168.5,5.8,4.15,102
GR,3/1/2022,0.167896637,4.521761694,3232,177.6,5.6,4.16,102.6
GR,4/1/2022,0.122106645,0.973037326,3359,179.9,5.5,4.22,103.4
GR,5/1/2022,0.194607465,0.438820755,3291,181.6,5.5,4.53,102.4
GR,6/1/2022,0.118290812,0.049605824,3269,184.4,5.5,4.87,101.8
GR,7/1/2022,0.125922478,4.8613708,3379,187.1,5.5,5.27,102.1
GR,8/1/2022,0.12973831,5.380324041,3279,180.6,5.5,5.68,100.6
GR,9/1/2022,0.145001641,1.36606809,3299,180.4,5.5,6.21,101.9
GR,10/1/2022,0.145001641,0.511321575,3382,182.1,5.7,6.73,102.4
GJ,4/1/2020,0.101688991,0.149355705,2952,133.7,6.4,5.68,59.9
GJ,5/1/2020,0.181133514,0.305066972,3016,134.2,6.7,5.75,67.1
GJ,6/1/2020,0.190666857,0.263755819,3028,135.8,6.9,5.79,79.1
GJ,7/1/2020,0.254222476,1.846290735,3473,135.8,6.5,5.78,85.2
GJ,8/1/2020,0.343200343,2.364269031,3060,136.4,6.3,5.78,90.1
GJ,9/1/2020,0.29871141,1.360090249,3060,136.8,6.1,5.65,92.7
GJ,10/1/2020,0.419467086,3.187314298,3028,136.4,6.1,5.41,92
GJ,11/1/2020,0.330489219,4.340848785,3053,140,6.2,5.27,89
GJ,12/1/2020,0.422644867,2.233980012,3024,140,6.3,5.36,90.7
GJ,1/1/2021,0.276466943,2.275291164,3382,135.7,5.9,5.26,93.7
GJ,2/1/2021,0.308244753,3.540047984,2935,137.9,5.9,5.28,94.4
GJ,3/1/2021,0.387689277,5.459427682,2896,142.2,6,5.29,94.7
GJ,4/1/2021,0.320955877,1.588890478,2991,146.3,5.5,5.11,95.8
GJ,5/1/2021,0.289178067,0.320955877,3105,150.1,5.3,4.73,101
GJ,6/1/2021,0.374978153,0.041311152,3323,153.3,5.1,4.6,101.4
GJ,7/1/2021,0.336844781,0.041311152,3052,155.6,5.3,4.58,103
GJ,8/1/2021,0.457600458,0.282822505,3268,157.2,5.5,4.36,102.5
GJ,9/1/2021,0.486200486,3.435181213,2978,158.3,5.3,4.21,101.3
GJ,10/1/2021,0.429000429,11.33514467,3021,161.2,5.7,4.17,101.2
GJ,11/1/2021,0.330489219,3.711648156,3047,167.5,5.7,4.12,100.3
GJ,12/1/2021,0.429000429,0.578356134,3406,165.2,6,4.12,103.2
GJ,1/1/2022,0.251044695,6.743251188,3296,164.3,6,4.1,102.3
GJ,2/1/2022,0.378155934,11.72601173,3304,168.5,5.8,4.15,102
GJ,3/1/2022,0.43217821,1.69693503,3482,177.6,5.6,4.16,102.6
GJ,4/1/2022,0.317778096,0.556111667,3920,179.9,5.5,4.22,103.4
GJ,5/1/2022,0.514800515,0.222444667,3689,181.6,5.5,4.53,102.4
GJ,6/1/2022,0.397222619,0.057200057,3903,184.4,5.5,4.87,101.8
GJ,7/1/2022,0.435355991,4.25822648,3817,187.1,5.5,5.27,102.1
GJ,8/1/2022,0.394044838,4.277293166,3552,180.6,5.5,5.68,100.6
GJ,9/1/2022,0.413111524,1.039134372,3520,180.4,5.5,6.21,101.9
GJ,10/1/2022,0.368622591,0.346378124,3566,182.1,5.7,6.73,102.4
HR,4/1/2020,0.092481589,0.075355369,2492,133.7,6.4,5.68,59.9
HR,5/1/2020,0.10960781,0.383627333,2447,134.2,6.7,5.75,67.1
HR,6/1/2020,0.325398185,0.630244905,2612,135.8,6.9,5.79,79.1
HR,7/1/2020,0.411029286,0.739852715,2669,135.8,6.5,5.78,85.2
HR,8/1/2020,0.219215619,0.575441,2641,136.4,6.3,5.78,90.1
HR,9/1/2020,0.363075869,1.017297482,2641,136.8,6.1,5.65,92.7
HR,10/1/2020,0.55831478,6.997773591,2686,136.4,6.1,5.41,92
HR,11/1/2020,0.335673917,5.538619627,2709,140,6.2,5.27,89
HR,12/1/2020,0.400753554,2.25038534,2715,140,6.3,5.36,90.7
HR,1/1/2021,0.321972941,1.685220072,2818,135.7,5.9,5.26,93.7
HR,2/1/2021,0.318547697,1.496831649,2575,137.9,5.9,5.28,94.4
HR,3/1/2021,0.602842953,2.651138894,2546,142.2,6,5.29,94.7
HR,4/1/2021,0.500085631,3.110121596,2649,146.3,5.5,5.11,95.8
HR,5/1/2021,0.479534167,1.120054804,2616,150.1,5.3,4.73,101
HR,6/1/2021,0.41445453,0.10960781,2630,153.3,5.1,4.6,101.4
HR,7/1/2021,0.705600274,0.037677685,2663,155.6,5.3,4.58,103
HR,8/1/2021,0.520637095,0.232916595,2697,157.2,5.5,4.36,102.5
HR,9/1/2021,0.551464292,2.260661072,2721,158.3,5.3,4.21,101.3
HR,10/1/2021,0.455557458,11.85134441,2752,161.2,5.7,4.17,101.2
HR,11/1/2021,0.561740024,4.778215448,2766,167.5,5.7,4.12,100.3
HR,12/1/2021,0.500085631,1.229662613,2872,165.2,6,4.12,103.2
HR,1/1/2022,0.301421476,14.25244049,2824,164.3,6,4.1,102.3
HR,2/1/2022,0.380202089,8.724096592,2831,168.5,5.8,4.15,102
HR,3/1/2022,0.619969173,1.000171262,2913,177.6,5.6,4.16,102.6
HR,4/1/2022,0.393903066,0.421305018,2820,179.9,5.5,4.22,103.4
HR,5/1/2022,0.626819661,0.239767083,2833,181.6,5.5,4.53,102.4
HR,6/1/2022,0.462407947,0.058229149,2838,184.4,5.5,4.87,101.8
HR,7/1/2022,0.486384655,3.928754924,2840,187.1,5.5,5.27,102.1
HR,8/1/2022,0.671347834,5.038533996,2841,180.6,5.5,5.68,100.6
HR,9/1/2022,0.606268197,1.695495804,2886,180.4,5.5,6.21,101.9
HR,10/1/2022,0.530912828,0.465833191,2917,182.1,5.7,6.73,102.4
HD,4/1/2020,0.176963255,1.418471093,4108,133.7,6.4,5.68,59.9
HD,5/1/2020,0.218439018,0.329041053,4286,134.2,6.7,5.75,67.1
HD,6/1/2020,0.453468342,0.074656373,4463,135.8,6.9,5.79,79.1
HD,7/1/2020,0.710618072,0.835045361,4541,135.8,6.5,5.78,85.2
HD,8/1/2020,0.514299461,2.012957028,4489,136.4,6.3,5.78,90.1
HD,9/1/2020,0.583425732,1.822168519,2761,136.8,6.1,5.65,92.7
HD,10/1/2020,0.879286174,5.173410165,2767,136.4,6.1,5.41,92
HD,11/1/2020,0.846105564,12.77453499,2798,140,6.2,5.27,89
HD,12/1/2020,0.710618072,7.606654924,2788,140,6.3,5.36,90.7
HD,1/1/2021,0.530889766,5.588167794,2899,135.7,5.9,5.26,93.7
HD,2/1/2021,0.818455055,5.931034101,2746,137.9,5.9,5.28,94.4
HD,3/1/2021,0.965002751,11.20675115,2720,142.2,6,5.29,94.7
HD,4/1/2021,0.857165768,7.186367193,2790,146.3,5.5,5.11,95.8
HD,5/1/2021,0.729973428,1.213857329,2802,150.1,5.3,4.73,101
HD,6/1/2021,0.879286174,0.055301017,2764,153.3,5.1,4.6,101.4
HD,7/1/2021,0.9622377,0.129957391,2796,155.6,5.3,4.58,103
HD,8/1/2021,1.233212685,0.699557868,2815,157.2,5.5,4.36,102.5
HD,9/1/2021,1.103255294,5.41396959,2737,158.3,5.3,4.21,101.3
HD,10/1/2021,1.006478514,19.24198896,2835,161.2,5.7,4.17,101.2
HD,11/1/2021,0.752093835,9.586431342,2910,167.5,5.7,4.12,100.3
HD,12/1/2021,0.89587648,2.162269775,3018,165.2,6,4.12,103.2
HD,1/1/2022,0.600016037,21.18305466,2880,164.3,6,4.1,102.3
HD,2/1/2022,0.904171632,28.66804735,2892,168.5,5.8,4.15,102
HD,3/1/2022,0.9622377,7.844449299,2973,177.6,5.6,4.16,102.6
HD,4/1/2022,0.702322919,3.077501611,2971,179.9,5.5,4.22,103.4
HD,5/1/2022,0.945647395,1.061779531,3084,181.6,5.5,4.53,102.4
HD,6/1/2022,0.716148174,0.132722441,2992,184.4,5.5,4.87,101.8
HD,7/1/2022,0.829515259,6.202009086,2918,187.1,5.5,5.27,102.1
HD,8/1/2022,0.920761937,10.84176443,2950,180.6,5.5,5.68,100.6
HD,9/1/2022,0.754858886,3.392717409,3060,180.4,5.5,6.21,101.9
HD,10/1/2022,0.73550353,1.072839735,3064,182.1,5.7,6.73,102.4
IL,4/1/2020,0.071765757,0.717657566,2687,133.7,6.4,5.68,59.9
IL,5/1/2020,0.035882878,0.721644552,2714,134.2,6.7,5.75,67.1
IL,6/1/2020,0.091700689,0.275102067,2809,135.8,6.9,5.79,79.1
IL,7/1/2020,0.139544527,1.208056902,2876,135.8,6.5,5.78,85.2
IL,8/1/2020,0.119609594,0.913019903,2677,136.4,6.3,5.78,90.1
IL,9/1/2020,0.183401378,1.164200051,2677,136.8,6.1,5.65,92.7
IL,10/1/2020,0.195362337,3.516522072,2717,136.4,6.1,5.41,92
IL,11/1/2020,0.247193162,10.17877647,2784,140,6.2,5.27,89
IL,12/1/2020,0.207323297,8.177309263,2786,140,6.3,5.36,90.7
IL,1/1/2021,0.143531513,3.679988517,2917,135.7,5.9,5.26,93.7
IL,2/1/2021,0.187388364,2.260621332,2861,137.9,5.9,5.28,94.4
IL,3/1/2021,0.21529727,5.111316662,2767,142.2,6,5.29,94.7
IL,4/1/2021,0.247193162,4.218231692,2779,146.3,5.5,5.11,95.8
IL,5/1/2021,0.239219189,0.717657566,2752,150.1,5.3,4.73,101
IL,6/1/2021,0.211310283,0.167453432,2788,153.3,5.1,4.6,101.4
IL,7/1/2021,0.295036999,0.039869865,2783,155.6,5.3,4.58,103
IL,8/1/2021,0.179414391,0.518308242,2735,157.2,5.5,4.36,102.5
IL,9/1/2021,0.255167134,5.1591605,2711,158.3,5.3,4.21,101.3
IL,10/1/2021,0.151505486,21.53770094,2816,161.2,5.7,4.17,101.2
IL,11/1/2021,0.099674662,6.809772901,2872,167.5,5.7,4.12,100.3
IL,12/1/2021,0.163466446,0.924980862,2895,165.2,6,4.12,103.2
IL,1/1/2022,0.119609594,7.926129115,2886,164.3,6,4.1,102.3
IL,2/1/2022,0.13555754,18.4557604,2898,168.5,5.8,4.15,102
IL,3/1/2022,0.207323297,3.177628221,2963,177.6,5.6,4.16,102.6
IL,4/1/2022,0.127583567,0.542230161,3025,179.9,5.5,4.22,103.4
IL,5/1/2022,0.219284256,0.259154121,3039,181.6,5.5,4.53,102.4
IL,6/1/2022,0.175427405,0.031895892,3176,184.4,5.5,4.87,101.8
IL,7/1/2022,0.167453432,3.771689206,3123,187.1,5.5,5.27,102.1
IL,8/1/2022,0.187388364,4.238166624,3137,180.6,5.5,5.68,100.6
IL,9/1/2022,0.20333631,1.614729523,3162,180.4,5.5,6.21,101.9
IL,10/1/2022,0.199349324,0.526282215,3221,182.1,5.7,6.73,102.4
IS,4/1/2020,0.32466935,0.335184956,3031,133.7,6.4,5.68,59.9
IS,5/1/2020,0.143275138,0.407479751,3133,134.2,6.7,5.75,67.1
IS,6/1/2020,0.218198834,0.559956045,3247,135.8,6.9,5.79,79.1
IS,7/1/2020,0.304952588,0.621735233,3389,135.8,6.5,5.78,85.2
IS,8/1/2020,0.285235826,1.983506271,3229,136.4,6.3,5.78,90.1
IS,9/1/2020,0.30889594,2.688051905,3229,136.8,6.1,5.65,92.7
IS,10/1/2020,1.180376827,7.585695621,3232,136.4,6.1,5.41,92
IS,11/1/2020,1.090994172,12.31114628,3277,140,6.2,5.27,89
IS,12/1/2020,1.159345614,9.159093239,3305,140,6.3,5.36,90.7
IS,1/1/2021,0.663797659,5.477316522,3452,135.7,5.9,5.26,93.7
IS,2/1/2021,0.838619616,3.152053041,3462,137.9,5.9,5.28,94.4
IS,3/1/2021,0.992410361,6.313307237,3416,142.2,6,5.29,94.7
IS,4/1/2021,0.964806894,4.170752418,3512,146.3,5.5,5.11,95.8
IS,5/1/2021,1.068648508,0.866223083,3484,150.1,5.3,4.73,101
IS,6/1/2021,0.920115567,0.123558376,3449,153.3,5.1,4.6,101.4
IS,7/1/2021,1.109396483,0.186652015,3526,155.6,5.3,4.58,103
IS,8/1/2021,1.056818451,0.628307487,3424,157.2,5.5,4.36,102.5
IS,9/1/2021,1.021328279,7.117751132,3408,158.3,5.3,4.21,101.3
IS,10/1/2021,1.079164114,23.93877814,3525,161.2,5.7,4.17,101.2
IS,11/1/2021,0.829418461,5.851935003,3590,167.5,5.7,4.12,100.3
IS,12/1/2021,1.013441574,1.326280867,3741,165.2,6,4.12,103.2
IS,1/1/2022,0.592817315,20.09663842,3639,164.3,6,4.1,102.3
IS,2/1/2022,0.767639273,23.28943944,3652,168.5,5.8,4.15,102
IS,3/1/2022,0.935888976,5.297236762,3776,177.6,5.6,4.16,102.6
IS,4/1/2022,0.721633494,1.999279681,3794,179.9,5.5,4.22,103.4
IS,5/1/2022,1.017384926,0.809701699,3943,181.6,5.5,4.53,102.4
IS,6/1/2022,0.84387742,0.141960687,3996,184.4,5.5,4.87,101.8
IS,7/1/2022,0.853078575,6.927155765,3894,187.1,5.5,5.27,102.1
IS,8/1/2022,0.733463552,7.890648208,3852,180.6,5.5,5.68,100.6
IS,9/1/2022,0.757123666,2.97197328,3910,180.4,5.5,6.21,101.9
IS,10/1/2022,0.701916732,0.814959502,3907,182.1,5.7,6.73,102.4
IF,4/1/2020,0.989489667,0.488295646,5134,133.7,6.4,5.68,59.9
IF,5/1/2020,1.018971668,0.48645302,4980,134.2,6.7,5.75,67.1
IF,6/1/2020,1.122158672,0.381423391,5273,135.8,6.9,5.79,79.1
IF,7/1/2020,0.705725405,1.013443793,5493,135.8,6.5,5.78,85.2
IF,8/1/2020,0.777587783,1.645464194,5251,136.4,6.3,5.78,90.1
IF,9/1/2020,0.644918777,2.142972965,3225,136.8,6.1,5.65,92.7
IF,10/1/2020,1.146112798,4.925336832,3313,136.4,6.1,5.41,92
IF,11/1/2020,1.144270173,17.32988885,3304,140,6.2,5.27,89
IF,12/1/2020,1.217975176,15.54991303,3405,140,6.3,5.36,90.7
IF,1/1/2021,1.031870043,8.665865739,3700,135.7,5.9,5.26,93.7
IF,2/1/2021,1.276939179,5.203573219,3351,137.9,5.9,5.28,94.4
IF,3/1/2021,1.212447301,15.16664701,3312,142.2,6,5.29,94.7
IF,4/1/2021,0.983961791,8.472390106,3549,146.3,5.5,5.11,95.8
IF,5/1/2021,0.821810785,1.490683688,3512,150.1,5.3,4.73,101
IF,6/1/2021,1.017129043,0.189790383,3498,153.3,5.1,4.6,101.4
IF,7/1/2021,0.963692915,0.269023261,3590,155.6,5.3,4.58,103
IF,8/1/2021,1.061352045,1.479627937,3611,157.2,5.5,4.36,102.5
IF,9/1/2021,1.000545417,9.968601669,3560,158.3,5.3,4.21,101.3
IF,10/1/2021,1.378283558,32.25883723,3581,161.2,5.7,4.17,101.2
IF,11/1/2021,1.468572187,11.11471447,3687,167.5,5.7,4.12,100.3
IF,12/1/2021,1.621510068,4.171703175,4046,165.2,6,4.12,103.2
IF,1/1/2022,0.720466405,22.83012471,3728,164.3,6,4.1,102.3
IF,2/1/2022,1.361699932,42.57753766,3665,168.5,5.8,4.15,102
IF,3/1/2022,1.356172057,9.587178278,4004,177.6,5.6,4.16,102.6
IF,4/1/2022,0.796014033,2.870809871,4006,179.9,5.5,4.22,103.4
IF,5/1/2022,1.195863675,1.125843922,3959,181.6,5.5,4.53,102.4
IF,6/1/2022,0.983961791,0.230328135,4006,184.4,5.5,4.87,101.8
IF,7/1/2022,0.945266665,10.50480557,4051,187.1,5.5,5.27,102.1
IF,8/1/2022,0.956322415,8.934889,3976,180.6,5.5,5.68,100.6
IF,9/1/2022,1.125843922,2.529924231,4047,180.4,5.5,6.21,101.9
IF,10/1/2022,1.282467054,1.153483298,4099,182.1,5.7,6.73,102.4
MM,4/1/2020,0.143654346,0.159124814,2342,133.7,6.4,5.68,59.9
MM,5/1/2020,0.185645616,0.059671805,2490,134.2,6.7,5.75,67.1
MM,6/1/2020,0.23868722,0.207746284,2459,135.8,6.9,5.79,79.1
MM,7/1/2020,0.468534173,0.486214708,2716,135.8,6.5,5.78,85.2
MM,8/1/2020,0.293938892,1.64428974,2601,136.4,6.3,5.78,90.1
MM,9/1/2020,0.397812034,2.022211172,2601,136.8,6.1,5.65,92.7
MM,10/1/2020,0.448643571,5.268799381,2624,136.4,6.1,5.41,92
MM,11/1/2020,0.234267087,9.169567379,2650,140,6.2,5.27,89
MM,12/1/2020,0.327089894,4.413503508,2710,140,6.3,5.36,90.7
MM,1/1/2021,0.249737555,6.760594508,2731,135.7,5.9,5.26,93.7
MM,2/1/2021,0.397812034,7.191557545,2557,137.9,5.9,5.28,94.4
MM,3/1/2021,0.530416045,5.277639649,2558,142.2,6,5.29,94.7
MM,4/1/2021,0.517155644,1.752583016,2640,146.3,5.5,5.11,95.8
MM,5/1/2021,0.477374441,0.565777115,2623,150.1,5.3,4.73,101
MM,6/1/2021,0.472954307,0.125973811,2645,153.3,5.1,4.6,101.4
MM,7/1/2021,0.459693906,0.103873142,2648,155.6,5.3,4.58,103
MM,8/1/2021,0.419912702,0.587877783,2659,157.2,5.5,4.36,102.5
MM,9/1/2021,0.541466379,7.374993094,2625,158.3,5.3,4.21,101.3
MM,10/1/2021,0.439803304,10.73650478,2713,161.2,5.7,4.17,101.2
MM,11/1/2021,0.340350296,4.435604177,2807,167.5,5.7,4.12,100.3
MM,12/1/2021,0.391181833,1.544836731,2887,165.2,6,4.12,103.2
MM,1/1/2022,0.198906017,23.50627106,2951,164.3,6,4.1,102.3
MM,2/1/2022,0.298359025,13.99635339,2962,168.5,5.8,4.15,102
MM,3/1/2022,0.464114039,2.351511133,3049,177.6,5.6,4.16,102.6
MM,4/1/2022,0.366871098,1.544836731,3112,179.9,5.5,4.22,103.4
MM,5/1/2022,0.422122769,1.107243494,3139,181.6,5.5,4.53,102.4
MM,6/1/2022,0.313829493,0.187855683,3126,184.4,5.5,4.87,101.8
MM,7/1/2022,0.411072435,6.185977126,3106,187.1,5.5,5.27,102.1
MM,8/1/2022,0.353610697,9.907729709,3095,180.6,5.5,5.68,100.6
MM,9/1/2022,0.570197248,3.080833195,3163,180.4,5.5,6.21,101.9
MM,10/1/2022,0.3933919,0.826565004,3198,182.1,5.7,6.73,102.4
MH,4/1/2020,0.115217697,0.264573972,2925,133.7,6.4,5.68,59.9
MH,5/1/2020,0.110950375,0.213366106,2910,134.2,6.7,5.75,67.1
MH,6/1/2020,0.196296818,0.315781837,2998,135.8,6.9,5.79,79.1
MH,7/1/2020,0.273108616,2.295819305,3122,135.8,6.5,5.78,85.2
MH,8/1/2020,0.26030665,1.74533475,3022,136.4,6.3,5.78,90.1
MH,9/1/2020,0.230435395,1.250325383,3022,136.8,6.1,5.65,92.7
MH,10/1/2020,0.46087079,3.174887663,2972,136.4,6.1,5.41,92
MH,11/1/2020,0.469405434,7.664110541,2984,140,6.2,5.27,89
MH,12/1/2020,0.495009367,4.382539825,3009,140,6.3,5.36,90.7
MH,1/1/2021,0.349920414,2.470779512,3123,135.7,5.9,5.26,93.7
MH,2/1/2021,0.34138577,2.06538391,3002,137.9,5.9,5.28,94.4
MH,3/1/2021,0.54194991,4.962895634,2977,142.2,6,5.29,94.7
MH,4/1/2021,0.486474723,3.558946654,3034,146.3,5.5,5.11,95.8
MH,5/1/2021,0.469405434,1.130840364,2965,150.1,5.3,4.73,101
MH,6/1/2021,0.576088487,0.089613765,2987,153.3,5.1,4.6,101.4
MH,7/1/2021,0.554751877,0.025603933,2999,155.6,5.3,4.58,103
MH,8/1/2021,0.755316017,0.294445227,2913,157.2,5.5,4.36,102.5
MH,9/1/2021,0.524880622,7.105091342,2884,158.3,5.3,4.21,101.3
MH,10/1/2021,0.576088487,19.29683066,3011,161.2,5.7,4.17,101.2
MH,11/1/2021,0.392593636,4.63431183,3099,167.5,5.7,4.12,100.3
MH,12/1/2021,0.495009367,0.623029031,3118,165.2,6,4.12,103.2
MH,1/1/2022,0.34138577,6.191884407,3208,164.3,6,4.1,102.3
MH,2/1/2022,0.452336145,15.12765694,3188,168.5,5.8,4.15,102
MH,3/1/2022,0.46087079,3.23036285,3217,177.6,5.6,4.16,102.6
MH,4/1/2022,0.375524347,1.075365176,3342,179.9,5.5,4.22,103.4
MH,5/1/2022,0.524880622,0.533415266,3459,181.6,5.5,4.53,102.4
MH,6/1/2022,0.495009367,0.055475188,3432,184.4,5.5,4.87,101.8
MH,7/1/2022,0.439534179,4.301460704,3294,187.1,5.5,5.27,102.1
MH,8/1/2022,0.499276689,5.218934962,3294,180.6,5.5,5.68,100.6
MH,9/1/2022,0.499276689,1.369810403,3327,180.4,5.5,6.21,101.9
MH,10/1/2022,0.529147944,0.371257025,3339,182.1,5.7,6.73,102.4
MS,4/1/2020,0.154382633,0.837525787,2988,133.7,6.4,5.68,59.9
MS,5/1/2020,0.162101765,0.474726598,3015,134.2,6.7,5.75,67.1
MS,6/1/2020,0.328063096,0.108067843,3148,135.8,6.9,5.79,79.1
MS,7/1/2020,0.530690303,0.467007466,3102,135.8,6.5,5.78,85.2
MS,8/1/2020,0.345431142,0.814368392,3112,136.4,6.3,5.78,90.1
MS,9/1/2020,0.443850071,0.893489491,3112,136.8,6.1,5.65,92.7
MS,10/1/2020,0.52876052,6.729153038,3088,136.4,6.1,5.41,92
MS,11/1/2020,0.411043762,12.96621143,3143,140,6.2,5.27,89
MS,12/1/2020,0.617530534,5.714087222,3188,140,6.3,5.36,90.7
MS,1/1/2021,0.272099392,3.218877908,3312,135.7,5.9,5.26,93.7
MS,2/1/2021,0.441920288,2.445034958,3282,137.9,5.9,5.28,94.4
MS,3/1/2021,0.816298175,4.830246646,3212,142.2,6,5.29,94.7
MS,4/1/2021,0.582794441,5.360936948,3249,146.3,5.5,5.11,95.8
MS,5/1/2021,0.517181822,1.244709983,3353,150.1,5.3,4.73,101
MS,6/1/2021,0.524900954,0.169820897,3256,153.3,5.1,4.6,101.4
MS,7/1/2021,0.582794441,0.040525441,3335,155.6,5.3,4.58,103
MS,8/1/2021,0.607881619,0.281748306,3345,157.2,5.5,4.36,102.5
MS,9/1/2021,0.669634673,3.436943378,3296,158.3,5.3,4.21,101.3
MS,10/1/2021,0.584724224,17.18085733,3394,161.2,5.7,4.17,101.2
MS,11/1/2021,0.494024427,8.678233785,3390,167.5,5.7,4.12,100.3
MS,12/1/2021,0.683143153,1.945221182,3567,165.2,6,4.12,103.2
MS,1/1/2022,0.23157395,14.9577474,3657,164.3,6,4.1,102.3
MS,2/1/2022,0.44963942,22.72898322,3599,168.5,5.8,4.15,102
MS,3/1/2022,0.497883993,5.077258859,3662,177.6,5.6,4.16,102.6
MS,4/1/2022,0.499813776,1.588211342,3852,179.9,5.5,4.22,103.4
MS,5/1/2022,0.619460317,0.636828363,3652,181.6,5.5,4.53,102.4
MS,6/1/2022,0.43613094,0.115786975,3844,184.4,5.5,4.87,101.8
MS,7/1/2022,0.687002719,6.702136077,3819,187.1,5.5,5.27,102.1
MS,8/1/2022,0.4631479,7.149845714,3799,180.6,5.5,5.68,100.6
MS,9/1/2022,0.72752816,2.298371456,3872,180.4,5.5,6.21,101.9
MS,10/1/2022,0.428411808,0.939804281,3876,182.1,5.7,6.73,102.4
NT,4/1/2020,0.079259714,1.065602825,2491,133.7,6.4,5.68,59.9
NT,5/1/2020,0.132099524,0.878461833,2515,134.2,6.7,5.75,67.1
NT,6/1/2020,0.200350944,0.176132698,2669,135.8,6.9,5.79,79.1
NT,7/1/2020,0.281812317,0.76177392,2715,135.8,6.5,5.78,85.2
NT,8/1/2020,0.330248809,1.805360158,2678,136.4,6.3,5.78,90.1
NT,9/1/2020,0.257594071,2.397606357,2678,136.8,6.1,5.65,92.7
NT,10/1/2020,0.453541698,6.567547991,2694,136.4,6.1,5.41,92
NT,11/1/2020,0.321442175,6.946233292,2687,140,6.2,5.27,89
NT,12/1/2020,0.460146675,3.496234063,2742,140,6.3,5.36,90.7
NT,1/1/2021,0.273005682,3.973994007,2872,135.7,5.9,5.26,93.7
NT,2/1/2021,0.411710182,2.749871753,2702,137.9,5.9,5.28,94.4
NT,3/1/2021,0.424920135,5.504146824,2702,142.2,6,5.29,94.7
NT,4/1/2021,0.442533405,3.998212253,2790,146.3,5.5,5.11,95.8
NT,5/1/2021,0.440331746,1.283567039,2776,150.1,5.3,4.73,101
NT,6/1/2021,0.431525111,0.193745968,2770,153.3,5.1,4.6,101.4
NT,7/1/2021,0.568027952,0.046234833,2793,155.6,5.3,4.58,103
NT,8/1/2021,0.766177238,0.854243587,2786,157.2,5.5,4.36,102.5
NT,9/1/2021,0.570229611,4.658709872,2770,158.3,5.3,4.21,101.3
NT,10/1/2021,0.435928428,15.79469973,2790,161.2,5.7,4.17,101.2
NT,11/1/2021,0.391895254,4.711549682,2862,167.5,5.7,4.12,100.3
NT,12/1/2021,0.539406389,1.602807555,3000,165.2,6,4.12,103.2
NT,1/1/2022,0.332450468,17.4019106,2895,164.3,6,4.1,102.3
NT,2/1/2022,0.435928428,11.02810858,2952,168.5,5.8,4.15,102
NT,3/1/2022,0.554818,1.483917984,2982,177.6,5.6,4.16,102.6
NT,4/1/2022,0.444735063,0.662699278,3023,179.9,5.5,4.22,103.4
NT,5/1/2022,0.546011365,0.43372677,3008,181.6,5.5,4.53,102.4
NT,6/1/2022,0.385290278,0.063848103,3037,184.4,5.5,4.87,101.8
NT,7/1/2022,0.45134004,3.093330515,3019,187.1,5.5,5.27,102.1
NT,8/1/2022,0.713337428,6.04795653,3058,180.6,5.5,5.68,100.6
NT,9/1/2022,0.43372677,2.261103515,3078,180.4,5.5,6.21,101.9
NT,10/1/2022,0.43372677,0.563624635,3054,182.1,5.7,6.73,102.4
OT,4/1/2020,0.028699645,0.117407639,2866,133.7,6.4,5.68,59.9
OT,5/1/2020,0.581820079,0.104362346,2855,134.2,6.7,5.75,67.1
OT,6/1/2020,0.026090587,0.383531622,2920,135.8,6.9,5.79,79.1
OT,7/1/2020,0.03913588,1.304529326,3061,135.8,6.5,5.78,85.2
OT,8/1/2020,0.088707994,1.513254018,3107,136.4,6.3,5.78,90.1
OT,9/1/2020,0.031308704,1.403673555,3107,136.8,6.1,5.65,92.7
OT,10/1/2020,0.086098936,4.56585264,3027,136.4,6.1,5.41,92
OT,11/1/2020,0.159152578,9.896159466,3035,140,6.2,5.27,89
OT,12/1/2020,0.112189522,5.259862242,3102,140,6.3,5.36,90.7
OT,1/1/2021,0.112189522,3.029117095,3320,135.7,5.9,5.26,93.7
OT,2/1/2021,0.206115633,2.110728449,3082,137.9,5.9,5.28,94.4
OT,3/1/2021,0.307868921,4.002295972,3060,142.2,6,5.29,94.7
OT,4/1/2021,0.268733041,3.477875183,3123,146.3,5.5,5.11,95.8
OT,5/1/2021,0.229597161,0.83228971,3175,150.1,5.3,4.73,101
OT,6/1/2021,0.242642455,0.146107284,3116,153.3,5.1,4.6,101.4
OT,7/1/2021,0.224379044,0.05739929,3091,155.6,5.3,4.58,103
OT,8/1/2021,0.213942809,0.446149029,3083,157.2,5.5,4.36,102.5
OT,9/1/2021,0.302650804,5.964308078,3160,158.3,5.3,4.21,101.3
OT,10/1/2021,0.211333751,17.42851179,3239,161.2,5.7,4.17,101.2
OT,11/1/2021,0.143498226,5.489459403,3119,167.5,5.7,4.12,100.3
OT,12/1/2021,0.234815279,1.155812983,3430,165.2,6,4.12,103.2
OT,1/1/2022,0.146107284,6.67658109,3306,164.3,6,4.1,102.3
OT,2/1/2022,0.177415988,20.92465039,3251,168.5,5.8,4.15,102
OT,3/1/2022,0.229597161,3.832707159,3344,177.6,5.6,4.16,102.6
OT,4/1/2022,0.151325402,0.894907118,3518,179.9,5.5,4.22,103.4
OT,5/1/2022,0.161761636,0.357441035,3412,181.6,5.5,4.53,102.4
OT,6/1/2022,0.190461282,0.046963056,3507,184.4,5.5,4.87,101.8
OT,7/1/2022,0.117407639,4.281465247,3436,187.1,5.5,5.27,102.1
OT,8/1/2022,0.169588812,5.812982676,3540,180.6,5.5,5.68,100.6
OT,9/1/2022,0.075662701,1.742851179,3457,180.4,5.5,6.21,101.9
OT,10/1/2022,0.07827176,0.506157378,3491,182.1,5.7,6.73,102.4
PH,4/1/2020,0.169755107,0.097824977,2983,133.7,6.4,5.68,59.9
PH,5/1/2020,0.18270253,0.064737117,3017,134.2,6.7,5.75,67.1
PH,6/1/2020,0.244562442,0.407124536,3052,135.8,6.9,5.79,79.1
PH,7/1/2020,0.3323172,2.221202413,3206,135.8,6.5,5.78,85.2
PH,8/1/2020,0.281966109,3.294399952,3025,136.4,6.3,5.78,90.1
PH,9/1/2020,0.2215448,2.380887301,3025,136.8,6.1,5.65,92.7
PH,10/1/2020,0.481931871,5.40770717,3104,136.4,6.1,5.41,92
PH,11/1/2020,0.378352484,13.83216399,3061,140,6.2,5.27,89
PH,12/1/2020,0.668950209,6.711081124,3124,140,6.3,5.36,90.7
PH,1/1/2021,0.353896239,3.107381614,3323,135.7,5.9,5.26,93.7
PH,2/1/2021,0.438773793,1.765165389,3110,137.9,5.9,5.28,94.4
PH,3/1/2021,0.572563834,4.233807449,3158,142.2,6,5.29,94.7
PH,4/1/2021,0.445966806,5.23075905,3240,146.3,5.5,5.11,95.8
PH,5/1/2021,0.410001741,1.829902506,3267,150.1,5.3,4.73,101
PH,6/1/2021,0.456037024,0.382668291,3159,153.3,5.1,4.6,101.4
PH,7/1/2021,0.568248027,0.145298862,3231,155.6,5.3,4.58,103
PH,8/1/2021,0.473300255,0.637300951,3189,157.2,5.5,4.36,102.5
PH,9/1/2021,0.382668291,6.057955544,3169,158.3,5.3,4.21,101.3
PH,10/1/2021,0.427264972,25.38989727,3264,161.2,5.7,4.17,101.2
PH,11/1/2021,0.441650998,7.075047582,3306,167.5,5.7,4.12,100.3
PH,12/1/2021,0.435896587,1.596848885,3570,165.2,6,4.12,103.2
PH,1/1/2022,0.307860956,13.88826949,3291,164.3,6,4.1,102.3
PH,2/1/2022,0.39849292,28.54187556,3382,168.5,5.8,4.15,102
PH,3/1/2022,0.510703923,5.38037372,3503,177.6,5.6,4.16,102.6
PH,4/1/2022,0.355334842,1.523480152,3501,179.9,5.5,4.22,103.4
PH,5/1/2022,0.39273851,0.578318245,3483,181.6,5.5,4.53,102.4
PH,6/1/2022,0.32080838,0.103579387,3485,184.4,5.5,4.87,101.8
PH,7/1/2022,0.369720868,8.730879173,3446,187.1,5.5,5.27,102.1
PH,8/1/2022,0.372598073,6.925432911,3452,180.6,5.5,5.68,100.6
PH,9/1/2022,0.394177112,1.81551648,3656,180.4,5.5,6.21,101.9
PH,10/1/2022,0.375475278,0.628669336,3558,182.1,5.7,6.73,102.4
SJ,4/1/2020,0.056544029,0.150784077,2560,133.7,6.4,5.68,59.9
SJ,5/1/2020,0.070680036,0.287432147,2521,134.2,6.7,5.75,67.1
SJ,6/1/2020,0.13664807,0.11780006,2628,135.8,6.9,5.79,79.1
SJ,7/1/2020,0.221464113,0.268584138,2710,135.8,6.5,5.78,85.2
SJ,8/1/2020,0.15549608,0.91884047,2581,136.4,6.3,5.78,90.1
SJ,9/1/2020,0.150784077,1.691608866,2581,136.8,6.1,5.65,92.7
SJ,10/1/2020,0.306280157,9.857509047,2715,136.4,6.1,5.41,92
SJ,11/1/2020,0.221464113,12.78366255,2847,140,6.2,5.27,89
SJ,12/1/2020,0.306280157,3.015681544,2766,140,6.3,5.36,90.7
SJ,1/1/2021,0.216752111,4.759122437,2767,135.7,5.9,5.26,93.7
SJ,2/1/2021,0.320416164,3.986354041,2679,137.9,5.9,5.28,94.4
SJ,3/1/2021,0.442928227,7.8125,2719,142.2,6,5.29,94.7
SJ,4/1/2021,0.400520205,4.6884424,2725,146.3,5.5,5.11,95.8
SJ,5/1/2021,0.249736128,1.121456574,2705,150.1,5.3,4.73,101
SJ,6/1/2021,0.442928227,0.127224065,2779,153.3,5.1,4.6,101.4
SJ,7/1/2021,0.438216224,0.047120024,2787,155.6,5.3,4.58,103
SJ,8/1/2021,0.593712304,0.245024125,2738,157.2,5.5,4.36,102.5
SJ,9/1/2021,0.494760253,6.700467431,2742,158.3,5.3,4.21,101.3
SJ,10/1/2021,0.372248191,18.20717732,2896,161.2,5.7,4.17,101.2
SJ,11/1/2021,0.362824186,6.413035283,2794,167.5,5.7,4.12,100.3
SJ,12/1/2021,0.42879222,1.173288601,2864,165.2,6,4.12,103.2
SJ,1/1/2022,0.226176116,20.5066345,3005,164.3,6,4.1,102.3
SJ,2/1/2022,0.419368215,15.97368818,3019,168.5,5.8,4.15,102
SJ,3/1/2022,0.452352232,3.020393546,3073,177.6,5.6,4.16,102.6
SJ,4/1/2022,0.329840169,1.795272919,3302,179.9,5.5,4.22,103.4
SJ,5/1/2022,0.212040109,1.126168577,3132,181.6,5.5,4.53,102.4
SJ,6/1/2022,0.315704162,0.183768094,3233,184.4,5.5,4.87,101.8
SJ,7/1/2022,0.287432147,5.202050663,3188,187.1,5.5,5.27,102.1
SJ,8/1/2022,0.348688179,7.378995778,3190,180.6,5.5,5.68,100.6
SJ,9/1/2022,0.42879222,2.365425211,3472,180.4,5.5,6.21,101.9
SJ,10/1/2022,0.334552171,0.697376357,3242,182.1,5.7,6.73,102.4
SM,4/1/2020,0.087701259,0.163305793,2420,133.7,6.4,5.68,59.9
SM,5/1/2020,0.114918891,0.021169269,2579,134.2,6.7,5.75,67.1
SM,6/1/2020,0.211692695,0.04536272,2779,135.8,6.9,5.79,79.1
SM,7/1/2020,0.368950125,0.078628715,2758,135.8,6.5,5.78,85.2
SM,8/1/2020,0.417337027,0.577618639,2756,136.4,6.3,5.78,90.1
SM,9/1/2020,0.24495869,1.245962718,2756,136.8,6.1,5.65,92.7
SM,10/1/2020,0.483869017,3.35079294,2773,136.4,6.1,5.41,92
SM,11/1/2020,0.408264483,11.38301862,2831,140,6.2,5.27,89
SM,12/1/2020,0.465723929,4.285264979,2888,140,6.3,5.36,90.7
SM,1/1/2021,0.254031234,4.30945843,2942,135.7,5.9,5.26,93.7
SM,2/1/2021,0.486893198,4.294337523,2797,137.9,5.9,5.28,94.4
SM,3/1/2021,0.471772291,5.990903262,2842,142.2,6,5.29,94.7
SM,4/1/2021,0.465723929,2.915310825,2855,146.3,5.5,5.11,95.8
SM,5/1/2021,0.374998488,0.5352801,2807,150.1,5.3,4.73,101
SM,6/1/2021,0.644150628,0.123991436,2853,153.3,5.1,4.6,101.4
SM,7/1/2021,0.58064282,0.193547607,2841,155.6,5.3,4.58,103
SM,8/1/2021,0.701610074,1.019149116,2814,157.2,5.5,4.36,102.5
SM,9/1/2021,0.538304281,8.086660941,2814,158.3,5.3,4.21,101.3
SM,10/1/2021,0.46874811,9.081616606,2874,161.2,5.7,4.17,101.2
SM,11/1/2021,0.438506296,4.394135508,2950,167.5,5.7,4.12,100.3
SM,12/1/2021,0.616932996,1.424389418,2995,165.2,6,4.12,103.2
SM,1/1/2022,0.320563224,19.51504228,2978,164.3,6,4.1,102.3
SM,2/1/2022,0.502014105,12.02414506,3045,168.5,5.8,4.15,102
SM,3/1/2022,0.553425188,2.014104782,3238,177.6,5.6,4.16,102.6
SM,4/1/2022,0.381046851,1.176406547,3148,179.9,5.5,4.22,103.4
SM,5/1/2022,0.399191939,0.864915867,3166,181.6,5.5,4.53,102.4
SM,6/1/2022,0.441530478,0.226813602,3248,184.4,5.5,4.87,101.8
SM,7/1/2022,0.40221612,4.850786892,3170,187.1,5.5,5.27,102.1
SM,8/1/2022,0.511086649,8.594723408,3181,180.6,5.5,5.68,100.6
SM,9/1/2022,0.583667001,3.547364728,3247,180.4,5.5,6.21,101.9
SM,10/1/2022,0.275200503,0.819553147,3259,182.1,5.7,6.73,102.4
SB,4/1/2020,0.293567776,0.76482131,3185,133.7,6.4,5.68,59.9
SB,5/1/2020,0.301293243,0.533057277,3333,134.2,6.7,5.75,67.1
SB,6/1/2020,0.551083368,0.381123077,3208,135.8,6.9,5.79,79.1
SB,7/1/2020,0.437776507,0.648939293,3297,135.8,6.5,5.78,85.2
SB,8/1/2020,0.285842308,1.40345998,3249,136.4,6.3,5.78,90.1
SB,9/1/2020,0.319319335,1.910765697,3249,136.8,6.1,5.65,92.7
SB,10/1/2020,0.630913202,8.273975989,3353,136.4,6.1,5.41,92
SB,11/1/2020,0.581985239,22.2957,3419,140,6.2,5.27,89
SB,12/1/2020,0.713318191,7.385547195,3511,140,6.3,5.36,90.7
SB,1/1/2021,0.489279626,3.919387319,3627,135.7,5.9,5.26,93.7
SB,2/1/2021,0.579410083,4.133125261,3525,137.9,5.9,5.28,94.4
SB,3/1/2021,0.749370374,7.990708837,3321,142.2,6,5.29,94.7
SB,4/1/2021,0.852376611,6.525445116,3492,146.3,5.5,5.11,95.8
SB,5/1/2021,0.618037422,1.936517256,3647,150.1,5.3,4.73,101
SB,6/1/2021,0.839500832,0.167385135,3747,153.3,5.1,4.6,101.4
SB,7/1/2021,0.906454886,0.054078274,3566,155.6,5.3,4.58,103
SB,8/1/2021,1.084140645,0.816324428,3586,157.2,5.5,4.36,102.5
SB,9/1/2021,0.98628472,4.815541581,3588,158.3,5.3,4.21,101.3
SB,10/1/2021,0.862677235,22.96266539,3526,161.2,5.7,4.17,101.2
SB,11/1/2021,0.749370374,12.46890499,3769,167.5,5.7,4.12,100.3
SB,12/1/2021,0.746795218,2.765717464,4008,165.2,6,4.12,103.2
SB,1/1/2022,0.435201351,28.16963067,3739,164.3,6,4.1,102.3
SB,2/1/2022,0.723618815,47.94425302,3826,168.5,5.8,4.15,102
SB,3/1/2022,1.014611435,8.044787112,3968,177.6,5.6,4.16,102.6
SB,4/1/2022,0.713318191,2.448973285,4119,179.9,5.5,4.22,103.4
SB,5/1/2022,0.664390229,1.081565489,4296,181.6,5.5,4.53,102.4
SB,6/1/2022,0.733919439,0.293567776,4027,184.4,5.5,4.87,101.8
SB,7/1/2022,0.741644907,12.41225156,4119,187.1,5.5,5.27,102.1
SB,8/1/2022,0.893579106,12.46375468,4097,180.6,5.5,5.68,100.6
SB,9/1/2022,0.75194553,3.790629523,4152,180.4,5.5,6.21,101.9
SB,10/1/2022,0.684991476,1.565694803,4248,182.1,5.7,6.73,102.4
SV,4/1/2020,0.052914088,4.303160372,2326,133.7,6.4,5.68,59.9
SV,5/1/2020,0.068477055,1.179672898,2421,134.2,6.7,5.75,67.1
SV,6/1/2020,0.175861527,0.757916492,2550,135.8,6.9,5.79,79.1
SV,7/1/2020,0.312815636,0.804605393,2618,135.8,6.5,5.78,85.2
SV,8/1/2020,0.303477856,1.199904755,2552,136.4,6.3,5.78,90.1
SV,9/1/2020,0.253676362,1.97027162,2552,136.8,6.1,5.65,92.7
SV,10/1/2020,0.488677163,4.376306317,2692,136.4,6.1,5.41,92
SV,11/1/2020,0.317484527,5.787867422,2599,140,6.2,5.27,89
SV,12/1/2020,0.513577911,4.016801779,2593,140,6.3,5.36,90.7
SV,1/1/2021,0.340828977,4.995712403,2653,135.7,5.9,5.26,93.7
SV,2/1/2021,0.264570439,3.299349001,2597,137.9,5.9,5.28,94.4
SV,3/1/2021,0.432650482,2.834016288,2607,142.2,6,5.29,94.7
SV,4/1/2021,0.33927268,1.520501875,2678,146.3,5.5,5.11,95.8
SV,5/1/2021,0.286358593,0.546260141,2693,150.1,5.3,4.73,101
SV,6/1/2021,0.382848988,0.107384472,2756,153.3,5.1,4.6,101.4
SV,7/1/2021,0.47622679,0.056026681,2728,155.6,5.3,4.58,103
SV,8/1/2021,0.527584581,0.849737997,2667,157.2,5.5,4.36,102.5
SV,9/1/2021,0.438875669,6.734095815,2645,158.3,5.3,4.21,101.3
SV,10/1/2021,0.367286021,10.52834717,2716,161.2,5.7,4.17,101.2
SV,11/1/2021,0.326822307,2.826234805,2778,167.5,5.7,4.12,100.3
SV,12/1/2021,0.547816438,1.15010326,2823,165.2,6,4.12,103.2
SV,1/1/2022,0.224106725,20.95086616,2905,164.3,6,4.1,102.3
SV,2/1/2022,0.303477856,7.330157451,2856,168.5,5.8,4.15,102
SV,3/1/2022,0.395299361,1.255931436,3025,177.6,5.6,4.16,102.6
SV,4/1/2022,0.266126735,0.745466119,2975,179.9,5.5,4.22,103.4
SV,5/1/2022,0.423312702,0.482451977,3061,181.6,5.5,4.53,102.4
SV,6/1/2022,0.371954911,0.127616329,3090,184.4,5.5,4.87,101.8
SV,7/1/2022,0.342385274,3.819152098,3013,187.1,5.5,5.27,102.1
SV,8/1/2022,0.491789757,4.977036842,2985,180.6,5.5,5.68,100.6
SV,9/1/2022,0.46688901,1.618548567,3071,180.4,5.5,6.21,101.9
SV,10/1/2022,0.333047494,0.331491197,3094,182.1,5.7,6.73,102.4
TR,4/1/2020,0.071087704,0.312167742,2522,133.7,6.4,5.68,59.9
TR,5/1/2020,0.061815395,0.132903098,2580,134.2,6.7,5.75,67.1
TR,6/1/2020,0.052543085,0.046361546,2655,135.8,6.9,5.79,79.1
TR,7/1/2020,0.105086171,0.602700096,2632,135.8,6.5,5.78,85.2
TR,8/1/2020,0.092723092,0.735603195,2643,136.4,6.3,5.78,90.1
TR,9/1/2020,0.151447717,2.076997255,2643,136.8,6.1,5.65,92.7
TR,10/1/2020,0.163810795,5.952822491,2630,136.4,6.1,5.41,92
TR,11/1/2020,0.160720026,7.3096704,2642,140,6.2,5.27,89
TR,12/1/2020,0.231807729,6.549341048,2669,140,6.3,5.36,90.7
TR,1/1/2021,0.139084638,4.011819103,2711,135.7,5.9,5.26,93.7
TR,2/1/2021,0.157629256,2.772420444,2577,137.9,5.9,5.28,94.4
TR,3/1/2021,0.169992335,5.696288604,2572,142.2,6,5.29,94.7
TR,4/1/2021,0.095813861,5.050317731,2621,146.3,5.5,5.11,95.8
TR,5/1/2021,0.126721559,0.989046312,2633,150.1,5.3,4.73,101
TR,6/1/2021,0.173083105,0.151447717,2613,153.3,5.1,4.6,101.4
TR,7/1/2021,0.200900032,0.105086171,2633,155.6,5.3,4.58,103
TR,8/1/2021,0.185446184,0.825235517,2632,157.2,5.5,4.36,102.5
TR,9/1/2021,0.157629256,7.254036545,2623,158.3,5.3,4.21,101.3
TR,10/1/2021,0.157629256,18.80424301,2674,161.2,5.7,4.17,101.2
TR,11/1/2021,0.166901565,7.275671933,2675,167.5,5.7,4.12,100.3
TR,12/1/2021,0.185446184,0.921049378,2668,165.2,6,4.12,103.2
TR,1/1/2022,0.067996934,6.657517988,2812,164.3,6,4.1,102.3
TR,2/1/2022,0.139084638,15.60220557,2812,168.5,5.8,4.15,102
TR,3/1/2022,0.11744925,5.18013006,2874,177.6,5.6,4.16,102.6
TR,4/1/2022,0.129812328,1.523749475,2914,179.9,5.5,4.22,103.4
TR,5/1/2022,0.123630789,0.370892367,2886,181.6,5.5,4.53,102.4
TR,6/1/2022,0.071087704,0.11744925,2910,184.4,5.5,4.87,101.8
TR,7/1/2022,0.126721559,4.141631432,2892,187.1,5.5,5.27,102.1
TR,8/1/2022,0.11126771,5.529387039,2886,180.6,5.5,5.68,100.6
TR,9/1/2022,0.123630789,1.554657172,2967,180.4,5.5,6.21,101.9
TR,10/1/2022,0.052543085,0.553247781,2981,182.1,5.7,6.73,102.4
TM,4/1/2020,0.485755527,0.693277666,3372,133.7,6.4,5.68,59.9
TM,5/1/2020,0.467309114,0.084546057,3234,134.2,6.7,5.75,67.1
TM,6/1/2020,0.641012831,0.021520814,3479,135.8,6.9,5.79,79.1
TM,7/1/2020,0.917709017,1.096024337,3403,135.8,6.5,5.78,85.2
TM,8/1/2020,0.866981383,2.041402973,3423,136.4,6.3,5.78,90.1
TM,9/1/2020,0.939229832,2.15669305,3423,136.8,6.1,5.65,92.7
TM,10/1/2020,1.692458338,8.056470617,3421,136.4,6.1,5.41,92
TM,11/1/2020,1.770855591,15.1675626,3458,140,6.2,5.27,89
TM,12/1/2020,1.970691725,10.52060387,3917,140,6.3,5.36,90.7
TM,1/1/2021,0.866981383,9.997955523,3821,135.7,5.9,5.26,93.7
TM,2/1/2021,1.320455688,10.34690016,3593,137.9,5.9,5.28,94.4
TM,3/1/2021,1.535663833,14.92161043,3674,142.2,6,5.29,94.7
TM,4/1/2021,1.617135487,6.934313863,3785,146.3,5.5,5.11,95.8
TM,5/1/2021,1.444968972,1.340439301,3963,150.1,5.3,4.73,101
TM,6/1/2021,1.483398997,0.164480511,3820,153.3,5.1,4.6,101.4
TM,7/1/2021,1.717053555,0.195224531,3903,155.6,5.3,4.58,103
TM,8/1/2021,2.018344957,1.228223626,3798,157.2,5.5,4.36,102.5
TM,9/1/2021,1.987600936,12.25917824,3818,158.3,5.3,4.21,101.3
TM,10/1/2021,1.581779864,26.13856638,3835,161.2,5.7,4.17,101.2
TM,11/1/2021,1.615598286,9.559853228,4407,167.5,5.7,4.12,100.3
TM,12/1/2021,1.989138137,2.677804201,4259,165.2,6,4.12,103.2
TM,1/1/2022,1.051445507,39.40153689,3883,164.3,6,4.1,102.3
TM,2/1/2022,1.76931839,42.20692878,3975,168.5,5.8,4.15,102
TM,3/1/2022,2.004510148,12.44210517,4123,177.6,5.6,4.16,102.6
TM,4/1/2022,1.282025662,4.674628343,4463,179.9,5.5,4.22,103.4
TM,5/1/2022,1.468026987,0.988420265,4257,181.6,5.5,4.53,102.4
TM,6/1/2022,1.331216095,0.273621784,4424,184.4,5.5,4.87,101.8
TM,7/1/2022,1.365034518,10.43144621,4278,187.1,5.5,5.27,102.1
TM,8/1/2022,1.332753296,12.38215433,4314,180.6,5.5,5.68,100.6
TM,9/1/2022,1.761632385,4.792992823,4335,180.4,5.5,6.21,101.9
TM,10/1/2022,1.403464544,1.601763477,4307,182.1,5.7,6.73,102.4
TL,4/1/2020,0.201701533,0.243076207,2808,133.7,6.4,5.68,59.9
TL,5/1/2020,0.336169222,0.532698922,2801,134.2,6.7,5.75,67.1
TL,6/1/2020,0.191357865,0.155155026,2915,135.8,6.9,5.79,79.1
TL,7/1/2020,0.284450881,0.522355253,2931,135.8,6.5,5.78,85.2
TL,8/1/2020,0.330997388,1.329161387,2978,136.4,6.3,5.78,90.1
TL,9/1/2020,0.22238887,1.799798298,2978,136.8,6.1,5.65,92.7
TL,10/1/2020,0.336169222,3.19619353,2967,136.4,6.1,5.41,92
TL,11/1/2020,0.387887564,11.41423806,3011,140,6.2,5.27,89
TL,12/1/2020,0.439605906,8.476636239,2911,140,6.3,5.36,90.7
TL,1/1/2021,0.310310051,3.754751623,3062,135.7,5.9,5.26,93.7
TL,2/1/2021,0.305138217,1.836001138,2911,137.9,5.9,5.28,94.4
TL,3/1/2021,0.294794549,4.913242481,2936,142.2,6,5.29,94.7
TL,4/1/2021,0.429262238,4.15815469,3023,146.3,5.5,5.11,95.8
TL,5/1/2021,0.325825554,1.230896537,3018,150.1,5.3,4.73,101
TL,6/1/2021,0.470636911,0.077577513,3132,153.3,5.1,4.6,101.4
TL,7/1/2021,0.548214424,0.077577513,3161,155.6,5.3,4.58,103
TL,8/1/2021,0.455121409,0.470636911,3098,157.2,5.5,4.36,102.5
TL,9/1/2021,0.330997388,3.485816245,2829,158.3,5.3,4.21,101.3
TL,10/1/2021,0.284450881,16.44126089,3075,161.2,5.7,4.17,101.2
TL,11/1/2021,0.263763544,6.790618293,3077,167.5,5.7,4.12,100.3
TL,12/1/2021,0.377543896,1.179178196,3175,165.2,6,4.12,103.2
TL,1/1/2022,0.186186031,16.25507486,3031,164.3,6,4.1,102.3
TL,2/1/2022,0.212045202,15.30862921,3082,168.5,5.8,4.15,102
TL,3/1/2022,0.294794549,1.277443045,3154,177.6,5.6,4.16,102.6
TL,4/1/2022,0.32065372,0.341341057,3194,179.9,5.5,4.22,103.4
TL,5/1/2022,0.362028393,0.294794549,3117,181.6,5.5,4.53,102.4
TL,6/1/2022,0.294794549,0.067233844,3113,184.4,5.5,4.87,101.8
TL,7/1/2022,0.263763544,2.710041116,3152,187.1,5.5,5.27,102.1
TL,8/1/2022,0.341341057,5.295958212,3143,180.6,5.5,5.68,100.6
TL,9/1/2022,0.356856559,2.316981718,3177,180.4,5.5,6.21,101.9
TL,10/1/2022,0.268935378,0.470636911,3199,182.1,5.7,6.73,102.4
VL,4/1/2020,0.061428475,0.076054303,2601,133.7,6.4,5.68,59.9
VL,5/1/2020,0.09068013,0.011700662,2630,134.2,6.7,5.75,67.1
VL,6/1/2020,0.125782116,0.064353641,2705,135.8,6.9,5.79,79.1
VL,7/1/2020,0.277890722,1.213943679,2741,135.8,6.5,5.78,85.2
VL,8/1/2020,0.315917873,2.111969485,2746,136.4,6.3,5.78,90.1
VL,9/1/2020,0.283741053,3.176729723,2746,136.8,6.1,5.65,92.7
VL,10/1/2020,0.532380119,8.026654108,2753,136.4,6.1,5.41,92
VL,11/1/2020,0.438774824,8.839850115,2758,140,6.2,5.27,89
VL,12/1/2020,0.44755032,5.113189279,2774,140,6.3,5.36,90.7
VL,1/1/2021,0.391972176,3.729586001,2894,135.7,5.9,5.26,93.7
VL,2/1/2021,0.4153735,2.536118481,2816,137.9,5.9,5.28,94.4
VL,3/1/2021,0.508978795,7.055499165,2769,142.2,6,5.29,94.7
VL,4/1/2021,0.397822507,4.899652198,2816,146.3,5.5,5.11,95.8
VL,5/1/2021,0.406598003,1.076460901,2886,150.1,5.3,4.73,101
VL,6/1/2021,0.456325817,0.157958937,2880,153.3,5.1,4.6,101.4
VL,7/1/2021,0.532380119,0.055578144,2879,155.6,5.3,4.58,103
VL,8/1/2021,0.558706609,0.348094693,2938,157.2,5.5,4.36,102.5
VL,9/1/2021,0.479727141,3.878769441,2862,158.3,5.3,4.21,101.3
VL,10/1/2021,0.342244362,18.10969956,2842,161.2,5.7,4.17,101.2
VL,11/1/2021,0.348094693,6.78638394,2873,167.5,5.7,4.12,100.3
VL,12/1/2021,0.62306025,1.289997982,2985,165.2,6,4.12,103.2
VL,1/1/2022,0.213537081,10.49549378,2772,164.3,6,4.1,102.3
VL,2/1/2022,0.339319197,25.87601394,2756,168.5,5.8,4.15,102
VL,3/1/2022,0.482652306,3.87291911,2820,177.6,5.6,4.16,102.6
VL,4/1/2022,0.307142377,1.099862225,2896,179.9,5.5,4.22,103.4
VL,5/1/2022,0.435849658,0.380271514,2886,181.6,5.5,4.53,102.4
VL,6/1/2022,0.318843039,0.055578144,2983,184.4,5.5,4.87,101.8
VL,7/1/2022,0.26619006,5.373529007,2984,187.1,5.5,5.27,102.1
VL,8/1/2022,0.368570852,5.663120391,2988,180.6,5.5,5.68,100.6
VL,9/1/2022,0.351019859,1.36897745,2976,180.4,5.5,6.21,101.9
VL,10/1/2022,0.312992708,0.53823045,3003,182.1,5.7,6.73,102.4
VS,4/1/2020,0.021350414,0.309580998,2542,133.7,6.4,5.68,59.9
VS,5/1/2020,0.040032026,0.122764879,2614,134.2,6.7,5.75,67.1
VS,6/1/2020,0.042700827,0.058713638,2760,135.8,6.9,5.79,79.1
VS,7/1/2020,0.122764879,1.174272752,2853,135.8,6.5,5.78,85.2
VS,8/1/2020,0.117427275,3.271950894,2667,136.4,6.3,5.78,90.1
VS,9/1/2020,0.098745663,3.122497998,2667,136.8,6.1,5.65,92.7
VS,10/1/2020,0.325593808,5.196156926,2773,136.4,6.1,5.41,92
VS,11/1/2020,0.317587403,7.31251668,2792,140,6.2,5.27,89
VS,12/1/2020,0.40565786,7.013610889,2762,140,6.3,5.36,90.7
VS,1/1/2021,0.245529757,4.440886042,2819,135.7,5.9,5.26,93.7
VS,2/1/2021,0.253536162,2.668801708,2761,137.9,5.9,5.28,94.4
VS,3/1/2021,0.285561783,4.395516413,2716,142.2,6,5.29,94.7
VS,4/1/2021,0.261542567,2.775553776,2762,146.3,5.5,5.11,95.8
VS,5/1/2021,0.32826261,0.664531625,2748,150.1,5.3,4.73,101
VS,6/1/2021,0.333600214,0.138777689,2793,153.3,5.1,4.6,101.4
VS,7/1/2021,0.43768348,0.07739525,2778,155.6,5.3,4.58,103
VS,8/1/2021,0.480384307,0.493728316,2738,157.2,5.5,4.36,102.5
VS,9/1/2021,0.346944222,6.615959434,2736,158.3,5.3,4.21,101.3
VS,10/1/2021,0.336269015,17.0242861,2803,161.2,5.7,4.17,101.2
VS,11/1/2021,0.18681612,4.238057112,2851,167.5,5.7,4.12,100.3
VS,12/1/2021,0.338937817,0.752602082,2886,165.2,6,4.12,103.2
VS,1/1/2022,0.136108887,9.506271684,2824,164.3,6,4.1,102.3
VS,2/1/2022,0.266880171,12.26047505,2864,168.5,5.8,4.15,102
VS,3/1/2022,0.274886576,3.336002135,2913,177.6,5.6,4.16,102.6
VS,4/1/2022,0.325593808,1.545236189,3016,179.9,5.5,4.22,103.4
VS,5/1/2022,0.360288231,0.723245263,2914,181.6,5.5,4.53,102.4
VS,6/1/2022,0.317587403,0.128102482,3293,184.4,5.5,4.87,101.8
VS,7/1/2022,0.352281825,4.416866827,3155,187.1,5.5,5.27,102.1
VS,8/1/2022,0.330931412,6.418468108,3095,180.6,5.5,5.68,100.6
VS,9/1/2022,0.293568188,2.097678143,3055,180.4,5.5,6.21,101.9
VS,10/1/2022,0.253536162,0.491059514,3040,182.1,5.7,6.73,102.4
VN,4/1/2020,0.07157513,0.778379539,2502,133.7,6.4,5.68,59.9
VN,5/1/2020,0.125256478,1.07362695,2558,134.2,6.7,5.75,67.1
VN,6/1/2020,0.155079448,1.255547073,2557,135.8,6.9,5.79,79.1
VN,7/1/2020,0.199813905,1.968316076,2563,135.8,6.5,5.78,85.2
VN,8/1/2020,0.205778499,2.021997423,2549,136.4,6.3,5.78,90.1
VN,9/1/2020,0.187884716,0.954335067,2549,136.8,6.1,5.65,92.7
VN,10/1/2020,0.241566064,2.430572124,2524,136.4,6.1,5.41,92
VN,11/1/2020,0.253495252,5.827408503,2502,140,6.2,5.27,89
VN,12/1/2020,0.247530658,4.846232762,2538,140,6.3,5.36,90.7
VN,1/1/2021,0.226654578,1.983227561,2711,135.7,5.9,5.26,93.7
VN,2/1/2021,0.205778499,1.553776781,2698,137.9,5.9,5.28,94.4
VN,3/1/2021,0.265424441,3.188075583,2687,142.2,6,5.29,94.7
VN,4/1/2021,0.301212006,3.038960729,2742,146.3,5.5,5.11,95.8
VN,5/1/2021,0.23560147,0.888724531,2763,150.1,5.3,4.73,101
VN,6/1/2021,0.253495252,0.080522021,2719,153.3,5.1,4.6,101.4
VN,7/1/2021,0.37875173,0.017893783,2751,155.6,5.3,4.58,103
VN,8/1/2021,0.366822541,0.402610106,2724,157.2,5.5,4.36,102.5
VN,9/1/2021,0.402610106,3.871021616,2713,158.3,5.3,4.21,101.3
VN,10/1/2021,0.253495252,12.22741805,2800,161.2,5.7,4.17,101.2
VN,11/1/2021,0.250512955,4.336259961,2841,167.5,5.7,4.12,100.3
VN,12/1/2021,0.259459846,0.841007778,2917,165.2,6,4.12,103.2
VN,1/1/2022,0.229636876,9.811757408,2824,164.3,6,4.1,102.3
VN,2/1/2022,0.199813905,12.00374577,2829,168.5,5.8,4.15,102
VN,3/1/2022,0.313141194,2.013050532,2895,177.6,5.6,4.16,102.6
VN,4/1/2022,0.21472539,1.031874791,2889,179.9,5.5,4.22,103.4
VN,5/1/2022,0.325070382,0.381734027,2896,181.6,5.5,4.53,102.4
VN,6/1/2022,0.244548361,0.07157513,2945,184.4,5.5,4.87,101.8
VN,7/1/2022,0.298229708,3.056854512,2949,187.1,5.5,5.27,102.1
VN,8/1/2022,0.298229708,5.317435702,2926,180.6,5.5,5.68,100.6
VN,9/1/2022,0.334017273,1.088538436,2955,180.4,5.5,6.21,101.9
VN,10/1/2022,0.217707687,0.325070382,2975,182.1,5.7,6.73,102.4
